production_lot_id,production_date,factory_id,line_id,product_id,production_qty,pass_qty,started_qty,completed_qty,first_pass_pass_qty,fail_qty,rework_qty,scrap_qty
PLOT-00000001,2026-01-01,FAC-TW,LINE-TW-01,PROD-C100,35,34,35,35,34,1,1,0
PLOT-00000002,2026-01-01,FAC-TW,LINE-TW-02,PROD-C100,42,41,42,42,41,1,0,0
PLOT-00000003,2026-01-01,FAC-MX,LINE-MX-01,PROD-X100,38,37,38,38,37,1,0,0
PLOT-00000004,2026-01-01,FAC-MX,LINE-MX-02,PROD-X200,52,49,52,52,49,3,2,0
PLOT-00000005,2026-01-01,FAC-MY,LINE-MY-01,PROD-X100,48,47,48,48,47,1,1,0
PLOT-00000006,2026-01-02,FAC-TW,LINE-TW-01,PROD-X100,37,36,37,37,36,1,0,0
PLOT-00000007,2026-01-02,FAC-TW,LINE-TW-02,PROD-X100,51,50,51,51,50,1,1,0
PLOT-00000008,2026-01-02,FAC-MX,LINE-MX-01,PROD-X200,52,52,52,52,52,0,0,0
PLOT-00000009,2026-01-02,FAC-MX,LINE-MX-02,PROD-X100,55,53,55,55,53,2,2,0
PLOT-00000010,2026-01-02,FAC-MY,LINE-MY-01,PROD-N100,48,47,48,48,47,1,1,0
PLOT-00000011,2026-01-03,FAC-TW,LINE-TW-01,PROD-X100,53,51,53,53,51,2,1,0
PLOT-00000012,2026-01-03,FAC-TW,LINE-TW-02,PROD-X100,35,35,35,35,35,0,0,0
PLOT-00000013,2026-01-03,FAC-MX,LINE-MX-01,PROD-C100,40,37,40,40,37,3,1,0
PLOT-00000014,2026-01-03,FAC-MX,LINE-MX-02,PROD-C100,45,44,45,45,44,1,0,1
PLOT-00000015,2026-01-03,FAC-MY,LINE-MY-01,PROD-X200,41,40,41,41,40,1,0,1
PLOT-00000016,2026-01-04,FAC-TW,LINE-TW-01,PROD-S100,45,43,45,45,43,2,2,0
PLOT-00000017,2026-01-04,FAC-TW,LINE-TW-02,PROD-X100,47,46,47,47,46,1,1,0
PLOT-00000018,2026-01-04,FAC-MX,LINE-MX-01,PROD-X100,46,44,46,46,44,2,1,0
PLOT-00000019,2026-01-04,FAC-MX,LINE-MX-02,PROD-X200,36,36,36,36,36,0,0,0
PLOT-00000020,2026-01-04,FAC-MY,LINE-MY-01,PROD-N100,52,51,52,52,51,1,0,0
PLOT-00000021,2026-01-05,FAC-TW,LINE-TW-01,PROD-X100,47,46,47,47,46,1,0,0
PLOT-00000022,2026-01-05,FAC-TW,LINE-TW-02,PROD-X100,44,44,44,44,44,0,0,0
PLOT-00000023,2026-01-05,FAC-MX,LINE-MX-01,PROD-N100,54,50,54,54,50,4,3,0
PLOT-00000024,2026-01-05,FAC-MX,LINE-MX-02,PROD-N100,46,43,46,46,43,3,1,0
PLOT-00000025,2026-01-05,FAC-MY,LINE-MY-01,PROD-C100,37,36,37,37,36,1,1,0
PLOT-00000026,2026-01-06,FAC-TW,LINE-TW-01,PROD-X100,42,42,42,42,42,0,0,0
PLOT-00000027,2026-01-06,FAC-TW,LINE-TW-02,PROD-N100,37,36,37,37,36,1,1,0
PLOT-00000028,2026-01-06,FAC-MX,LINE-MX-01,PROD-N100,38,38,38,38,38,0,0,0
PLOT-00000029,2026-01-06,FAC-MX,LINE-MX-02,PROD-X100,49,47,49,49,47,2,1,0
PLOT-00000030,2026-01-06,FAC-MY,LINE-MY-01,PROD-N100,46,43,46,46,43,3,2,0
PLOT-00000031,2026-01-07,FAC-TW,LINE-TW-01,PROD-X100,46,46,46,46,46,0,0,0
PLOT-00000032,2026-01-07,FAC-TW,LINE-TW-02,PROD-X100,43,43,43,43,43,0,0,0
PLOT-00000033,2026-01-07,FAC-MX,LINE-MX-01,PROD-C100,55,53,55,55,53,2,0,0
PLOT-00000034,2026-01-07,FAC-MX,LINE-MX-02,PROD-X100,55,52,55,55,52,3,3,0
PLOT-00000035,2026-01-07,FAC-MY,LINE-MY-01,PROD-X100,42,42,42,42,42,0,0,0
PLOT-00000036,2026-01-08,FAC-TW,LINE-TW-01,PROD-X100,47,47,47,47,47,0,0,0
PLOT-00000037,2026-01-08,FAC-TW,LINE-TW-02,PROD-X100,55,52,55,55,52,3,2,0
PLOT-00000038,2026-01-08,FAC-MX,LINE-MX-01,PROD-C100,42,39,42,42,39,3,2,0
PLOT-00000039,2026-01-08,FAC-MX,LINE-MX-02,PROD-C100,36,35,36,36,35,1,1,0
PLOT-00000040,2026-01-08,FAC-MY,LINE-MY-01,PROD-X100,36,36,36,36,36,0,0,0
PLOT-00000041,2026-01-09,FAC-TW,LINE-TW-01,PROD-N100,47,45,47,47,45,2,0,1
PLOT-00000042,2026-01-09,FAC-TW,LINE-TW-02,PROD-X100,41,39,41,41,39,2,2,0
PLOT-00000043,2026-01-09,FAC-MX,LINE-MX-01,PROD-S100,53,51,53,53,51,2,1,0
PLOT-00000044,2026-01-09,FAC-MX,LINE-MX-02,PROD-N100,45,42,45,45,42,3,3,0
PLOT-00000045,2026-01-09,FAC-MY,LINE-MY-01,PROD-X100,50,49,50,50,49,1,1,0
PLOT-00000046,2026-01-10,FAC-TW,LINE-TW-01,PROD-X200,55,54,55,55,54,1,0,1
PLOT-00000047,2026-01-10,FAC-TW,LINE-TW-02,PROD-X200,43,43,43,43,43,0,0,0
PLOT-00000048,2026-01-10,FAC-MX,LINE-MX-01,PROD-X100,52,50,52,52,50,2,1,1
PLOT-00000049,2026-01-10,FAC-MX,LINE-MX-02,PROD-X200,53,51,53,53,51,2,1,0
PLOT-00000050,2026-01-10,FAC-MY,LINE-MY-01,PROD-C100,53,52,53,53,52,1,0,0
PLOT-00000051,2026-01-11,FAC-TW,LINE-TW-01,PROD-X200,42,40,42,42,40,2,1,0
PLOT-00000052,2026-01-11,FAC-TW,LINE-TW-02,PROD-S100,39,39,39,39,39,0,0,0
PLOT-00000053,2026-01-11,FAC-MX,LINE-MX-01,PROD-X200,37,36,37,37,36,1,1,0
PLOT-00000054,2026-01-11,FAC-MX,LINE-MX-02,PROD-C100,38,35,38,38,35,3,1,1
PLOT-00000055,2026-01-11,FAC-MY,LINE-MY-01,PROD-X100,40,39,40,40,39,1,0,0
PLOT-00000056,2026-01-12,FAC-TW,LINE-TW-01,PROD-N100,48,48,48,48,48,0,0,0
PLOT-00000057,2026-01-12,FAC-TW,LINE-TW-02,PROD-C100,47,46,47,47,46,1,0,0
PLOT-00000058,2026-01-12,FAC-MX,LINE-MX-01,PROD-X100,49,46,49,49,46,3,1,1
PLOT-00000059,2026-01-12,FAC-MX,LINE-MX-02,PROD-X200,52,50,52,52,50,2,1,0
PLOT-00000060,2026-01-12,FAC-MY,LINE-MY-01,PROD-S100,35,35,35,35,35,0,0,0
PLOT-00000061,2026-01-13,FAC-TW,LINE-TW-01,PROD-C100,38,38,38,38,38,0,0,0
PLOT-00000062,2026-01-13,FAC-TW,LINE-TW-02,PROD-C100,52,51,52,52,51,1,0,1
PLOT-00000063,2026-01-13,FAC-MX,LINE-MX-01,PROD-C100,55,54,55,55,54,1,1,0
PLOT-00000064,2026-01-13,FAC-MX,LINE-MX-02,PROD-X100,44,43,44,44,43,1,1,0
PLOT-00000065,2026-01-13,FAC-MY,LINE-MY-01,PROD-C100,49,49,49,49,49,0,0,0
PLOT-00000066,2026-01-14,FAC-TW,LINE-TW-01,PROD-X100,43,43,43,43,43,0,0,0
PLOT-00000067,2026-01-14,FAC-TW,LINE-TW-02,PROD-S100,40,39,40,40,39,1,0,0
PLOT-00000068,2026-01-14,FAC-MX,LINE-MX-01,PROD-X200,38,36,38,38,36,2,1,1
PLOT-00000069,2026-01-14,FAC-MX,LINE-MX-02,PROD-N100,44,43,44,44,43,1,0,0
PLOT-00000070,2026-01-14,FAC-MY,LINE-MY-01,PROD-S100,51,49,51,51,49,2,1,0
PLOT-00000071,2026-01-15,FAC-TW,LINE-TW-01,PROD-C100,39,39,39,39,39,0,0,0
PLOT-00000072,2026-01-15,FAC-TW,LINE-TW-02,PROD-X200,40,39,40,40,39,1,0,0
PLOT-00000073,2026-01-15,FAC-MX,LINE-MX-01,PROD-X200,51,50,51,51,50,1,1,0
PLOT-00000074,2026-01-15,FAC-MX,LINE-MX-02,PROD-S100,54,52,54,54,52,2,2,0
PLOT-00000075,2026-01-15,FAC-MY,LINE-MY-01,PROD-X200,35,34,35,35,34,1,1,0
PLOT-00000076,2026-01-16,FAC-TW,LINE-TW-01,PROD-X100,46,46,46,46,46,0,0,0
PLOT-00000077,2026-01-16,FAC-TW,LINE-TW-02,PROD-N100,44,42,44,44,42,2,0,0
PLOT-00000078,2026-01-16,FAC-MX,LINE-MX-01,PROD-X100,42,42,42,42,42,0,0,0
PLOT-00000079,2026-01-16,FAC-MX,LINE-MX-02,PROD-N100,37,36,37,37,36,1,0,0
PLOT-00000080,2026-01-16,FAC-MY,LINE-MY-01,PROD-X100,50,49,50,50,49,1,1,0
PLOT-00000081,2026-01-17,FAC-TW,LINE-TW-01,PROD-N100,52,51,52,52,51,1,0,0
PLOT-00000082,2026-01-17,FAC-TW,LINE-TW-02,PROD-N100,39,38,39,39,38,1,0,0
PLOT-00000083,2026-01-17,FAC-MX,LINE-MX-01,PROD-X200,52,47,52,52,47,5,1,1
PLOT-00000084,2026-01-17,FAC-MX,LINE-MX-02,PROD-X100,51,49,51,51,49,2,2,0
PLOT-00000085,2026-01-17,FAC-MY,LINE-MY-01,PROD-S100,48,44,48,48,44,4,3,0
PLOT-00000086,2026-01-18,FAC-TW,LINE-TW-01,PROD-S100,52,51,52,52,51,1,1,0
PLOT-00000087,2026-01-18,FAC-TW,LINE-TW-02,PROD-N100,41,39,41,41,39,2,1,0
PLOT-00000088,2026-01-18,FAC-MX,LINE-MX-01,PROD-C100,47,43,47,47,43,4,3,1
PLOT-00000089,2026-01-18,FAC-MX,LINE-MX-02,PROD-S100,55,52,55,55,52,3,2,0
PLOT-00000090,2026-01-18,FAC-MY,LINE-MY-01,PROD-X200,51,49,51,51,49,2,0,1
PLOT-00000091,2026-01-19,FAC-TW,LINE-TW-01,PROD-X200,42,40,42,42,40,2,2,0
PLOT-00000092,2026-01-19,FAC-TW,LINE-TW-02,PROD-X100,45,43,45,45,43,2,1,0
PLOT-00000093,2026-01-19,FAC-MX,LINE-MX-01,PROD-X100,52,51,52,52,51,1,1,0
PLOT-00000094,2026-01-19,FAC-MX,LINE-MX-02,PROD-X100,42,40,42,42,40,2,2,0
PLOT-00000095,2026-01-19,FAC-MY,LINE-MY-01,PROD-X100,55,53,55,55,53,2,2,0
PLOT-00000096,2026-01-20,FAC-TW,LINE-TW-01,PROD-X100,37,36,37,37,36,1,0,0
PLOT-00000097,2026-01-20,FAC-TW,LINE-TW-02,PROD-S100,45,45,45,45,45,0,0,0
PLOT-00000098,2026-01-20,FAC-MX,LINE-MX-01,PROD-X100,42,42,42,42,42,0,0,0
PLOT-00000099,2026-01-20,FAC-MX,LINE-MX-02,PROD-X100,50,47,50,50,47,3,2,0
PLOT-00000100,2026-01-20,FAC-MY,LINE-MY-01,PROD-X100,39,39,39,39,39,0,0,0
PLOT-00000101,2026-01-21,FAC-TW,LINE-TW-01,PROD-C100,53,52,53,53,52,1,1,0
PLOT-00000102,2026-01-21,FAC-TW,LINE-TW-02,PROD-C100,42,40,42,42,40,2,2,0
PLOT-00000103,2026-01-21,FAC-MX,LINE-MX-01,PROD-N100,48,46,48,48,46,2,2,0
PLOT-00000104,2026-01-21,FAC-MX,LINE-MX-02,PROD-X100,38,37,38,38,37,1,0,1
PLOT-00000105,2026-01-21,FAC-MY,LINE-MY-01,PROD-N100,46,43,46,46,43,3,1,0
PLOT-00000106,2026-01-22,FAC-TW,LINE-TW-01,PROD-X200,49,46,49,49,46,3,2,0
PLOT-00000107,2026-01-22,FAC-TW,LINE-TW-02,PROD-N100,36,35,36,36,35,1,1,0
PLOT-00000108,2026-01-22,FAC-MX,LINE-MX-01,PROD-X200,55,54,55,55,54,1,0,1
PLOT-00000109,2026-01-22,FAC-MX,LINE-MX-02,PROD-X100,47,47,47,47,47,0,0,0
PLOT-00000110,2026-01-22,FAC-MY,LINE-MY-01,PROD-N100,38,37,38,38,37,1,0,0
PLOT-00000111,2026-01-23,FAC-TW,LINE-TW-01,PROD-X100,41,39,41,41,39,2,1,0
PLOT-00000112,2026-01-23,FAC-TW,LINE-TW-02,PROD-X200,39,39,39,39,39,0,0,0
PLOT-00000113,2026-01-23,FAC-MX,LINE-MX-01,PROD-X100,43,42,43,43,42,1,1,0
PLOT-00000114,2026-01-23,FAC-MX,LINE-MX-02,PROD-X100,37,35,37,37,35,2,2,0
PLOT-00000115,2026-01-23,FAC-MY,LINE-MY-01,PROD-C100,52,50,52,52,50,2,1,1
PLOT-00000116,2026-01-24,FAC-TW,LINE-TW-01,PROD-X100,55,55,55,55,55,0,0,0
PLOT-00000117,2026-01-24,FAC-TW,LINE-TW-02,PROD-S100,35,35,35,35,35,0,0,0
PLOT-00000118,2026-01-24,FAC-MX,LINE-MX-01,PROD-S100,42,39,42,42,39,3,3,0
PLOT-00000119,2026-01-24,FAC-MX,LINE-MX-02,PROD-X100,50,49,50,50,49,1,1,0
PLOT-00000120,2026-01-24,FAC-MY,LINE-MY-01,PROD-C100,47,43,47,47,43,4,2,1
PLOT-00000121,2026-01-25,FAC-TW,LINE-TW-01,PROD-S100,40,39,40,40,39,1,1,0
PLOT-00000122,2026-01-25,FAC-TW,LINE-TW-02,PROD-X200,47,45,47,47,45,2,0,0
PLOT-00000123,2026-01-25,FAC-MX,LINE-MX-01,PROD-X100,49,45,49,49,45,4,2,1
PLOT-00000124,2026-01-25,FAC-MX,LINE-MX-02,PROD-X100,52,52,52,52,52,0,0,0
PLOT-00000125,2026-01-25,FAC-MY,LINE-MY-01,PROD-N100,50,49,50,50,49,1,0,0
PLOT-00000126,2026-01-26,FAC-TW,LINE-TW-01,PROD-X100,44,44,44,44,44,0,0,0
PLOT-00000127,2026-01-26,FAC-TW,LINE-TW-02,PROD-X100,36,36,36,36,36,0,0,0
PLOT-00000128,2026-01-26,FAC-MX,LINE-MX-01,PROD-X200,52,47,52,52,47,5,5,0
PLOT-00000129,2026-01-26,FAC-MX,LINE-MX-02,PROD-X100,45,44,45,45,44,1,1,0
PLOT-00000130,2026-01-26,FAC-MY,LINE-MY-01,PROD-X100,53,49,53,53,49,4,2,1
PLOT-00000131,2026-01-27,FAC-TW,LINE-TW-01,PROD-X200,51,49,51,51,49,2,0,0
PLOT-00000132,2026-01-27,FAC-TW,LINE-TW-02,PROD-X100,51,50,51,51,50,1,1,0
PLOT-00000133,2026-01-27,FAC-MX,LINE-MX-01,PROD-X100,40,37,40,40,37,3,2,1
PLOT-00000134,2026-01-27,FAC-MX,LINE-MX-02,PROD-X100,37,36,37,37,36,1,0,1
PLOT-00000135,2026-01-27,FAC-MY,LINE-MY-01,PROD-N100,42,40,42,42,40,2,0,2
PLOT-00000136,2026-01-28,FAC-TW,LINE-TW-01,PROD-X200,53,50,53,53,50,3,1,0
PLOT-00000137,2026-01-28,FAC-TW,LINE-TW-02,PROD-X100,54,53,54,54,53,1,0,1
PLOT-00000138,2026-01-28,FAC-MX,LINE-MX-01,PROD-X100,37,34,37,37,34,3,0,0
PLOT-00000139,2026-01-28,FAC-MX,LINE-MX-02,PROD-X100,53,52,53,53,52,1,0,1
PLOT-00000140,2026-01-28,FAC-MY,LINE-MY-01,PROD-C100,45,42,45,45,42,3,3,0
PLOT-00000141,2026-01-29,FAC-TW,LINE-TW-01,PROD-S100,41,41,41,41,41,0,0,0
PLOT-00000142,2026-01-29,FAC-TW,LINE-TW-02,PROD-C100,45,45,45,45,45,0,0,0
PLOT-00000143,2026-01-29,FAC-MX,LINE-MX-01,PROD-X100,47,46,47,47,46,1,0,1
PLOT-00000144,2026-01-29,FAC-MX,LINE-MX-02,PROD-X100,55,55,55,55,55,0,0,0
PLOT-00000145,2026-01-29,FAC-MY,LINE-MY-01,PROD-X200,45,44,45,45,44,1,1,0
PLOT-00000146,2026-01-30,FAC-TW,LINE-TW-01,PROD-S100,37,36,37,37,36,1,1,0
PLOT-00000147,2026-01-30,FAC-TW,LINE-TW-02,PROD-X100,54,54,54,54,54,0,0,0
PLOT-00000148,2026-01-30,FAC-MX,LINE-MX-01,PROD-S100,38,34,38,38,34,4,1,2
PLOT-00000149,2026-01-30,FAC-MX,LINE-MX-02,PROD-X100,41,40,41,41,40,1,0,0
PLOT-00000150,2026-01-30,FAC-MY,LINE-MY-01,PROD-C100,39,37,39,39,37,2,1,0
PLOT-00000151,2026-01-31,FAC-TW,LINE-TW-01,PROD-S100,37,36,37,37,36,1,0,1
PLOT-00000152,2026-01-31,FAC-TW,LINE-TW-02,PROD-N100,46,45,46,46,45,1,0,0
PLOT-00000153,2026-01-31,FAC-MX,LINE-MX-01,PROD-X100,49,47,49,49,47,2,1,0
PLOT-00000154,2026-01-31,FAC-MX,LINE-MX-02,PROD-N100,44,43,44,44,43,1,0,1
PLOT-00000155,2026-01-31,FAC-MY,LINE-MY-01,PROD-N100,55,51,55,55,51,4,0,0
PLOT-00000156,2026-02-01,FAC-TW,LINE-TW-01,PROD-X200,52,52,52,52,52,0,0,0
PLOT-00000157,2026-02-01,FAC-TW,LINE-TW-02,PROD-X100,38,36,38,38,36,2,0,1
PLOT-00000158,2026-02-01,FAC-MX,LINE-MX-01,PROD-S100,39,38,39,39,38,1,1,0
PLOT-00000159,2026-02-01,FAC-MX,LINE-MX-02,PROD-X100,38,36,38,38,36,2,0,0
PLOT-00000160,2026-02-01,FAC-MY,LINE-MY-01,PROD-N100,39,39,39,39,39,0,0,0
PLOT-00000161,2026-02-01,FAC-MY,LINE-MY-03,PROD-X200,54,41,54,54,41,13,7,2
PLOT-00000162,2026-02-02,FAC-TW,LINE-TW-01,PROD-X100,45,44,45,45,44,1,0,0
PLOT-00000163,2026-02-02,FAC-TW,LINE-TW-02,PROD-X100,55,54,55,55,54,1,1,0
PLOT-00000164,2026-02-02,FAC-MX,LINE-MX-01,PROD-N100,51,47,51,51,47,4,2,0
PLOT-00000165,2026-02-02,FAC-MX,LINE-MX-02,PROD-X100,36,34,36,36,34,2,1,1
PLOT-00000166,2026-02-02,FAC-MY,LINE-MY-01,PROD-X100,48,46,48,48,46,2,2,0
PLOT-00000167,2026-02-02,FAC-MY,LINE-MY-03,PROD-S100,36,36,36,36,36,0,0,0
PLOT-00000168,2026-02-03,FAC-TW,LINE-TW-01,PROD-X100,39,38,39,39,38,1,1,0
PLOT-00000169,2026-02-03,FAC-TW,LINE-TW-02,PROD-C100,43,43,43,43,43,0,0,0
PLOT-00000170,2026-02-03,FAC-MX,LINE-MX-01,PROD-X100,49,47,49,49,47,2,1,1
PLOT-00000171,2026-02-03,FAC-MX,LINE-MX-02,PROD-X200,48,48,48,48,48,0,0,0
PLOT-00000172,2026-02-03,FAC-MY,LINE-MY-01,PROD-C100,38,37,38,38,37,1,0,1
PLOT-00000173,2026-02-03,FAC-MY,LINE-MY-03,PROD-X100,39,34,39,39,34,5,2,2
PLOT-00000174,2026-02-04,FAC-TW,LINE-TW-01,PROD-X200,46,44,46,46,44,2,0,0
PLOT-00000175,2026-02-04,FAC-TW,LINE-TW-02,PROD-C100,39,39,39,39,39,0,0,0
PLOT-00000176,2026-02-04,FAC-MX,LINE-MX-01,PROD-X100,36,36,36,36,36,0,0,0
PLOT-00000177,2026-02-04,FAC-MX,LINE-MX-02,PROD-X100,36,35,36,36,35,1,0,0
PLOT-00000178,2026-02-04,FAC-MY,LINE-MY-01,PROD-S100,41,39,41,41,39,2,1,0
PLOT-00000179,2026-02-04,FAC-MY,LINE-MY-03,PROD-N100,38,34,38,38,34,4,2,0
PLOT-00000180,2026-02-05,FAC-TW,LINE-TW-01,PROD-X200,52,49,52,52,49,3,2,0
PLOT-00000181,2026-02-05,FAC-TW,LINE-TW-02,PROD-N100,48,47,48,48,47,1,0,0
PLOT-00000182,2026-02-05,FAC-MX,LINE-MX-01,PROD-S100,39,37,39,39,37,2,0,0
PLOT-00000183,2026-02-05,FAC-MX,LINE-MX-02,PROD-S100,42,41,42,42,41,1,1,0
PLOT-00000184,2026-02-05,FAC-MY,LINE-MY-01,PROD-S100,40,39,40,40,39,1,1,0
PLOT-00000185,2026-02-05,FAC-MY,LINE-MY-03,PROD-S100,35,31,35,35,31,4,0,2
PLOT-00000186,2026-02-06,FAC-TW,LINE-TW-01,PROD-X100,45,45,45,45,45,0,0,0
PLOT-00000187,2026-02-06,FAC-TW,LINE-TW-02,PROD-N100,48,47,48,48,47,1,1,0
PLOT-00000188,2026-02-06,FAC-MX,LINE-MX-01,PROD-N100,42,38,42,42,38,4,2,0
PLOT-00000189,2026-02-06,FAC-MX,LINE-MX-02,PROD-X100,38,35,38,38,35,3,1,1
PLOT-00000190,2026-02-06,FAC-MY,LINE-MY-01,PROD-X200,36,34,36,36,34,2,1,0
PLOT-00000191,2026-02-06,FAC-MY,LINE-MY-03,PROD-S100,42,35,42,42,35,7,5,2
PLOT-00000192,2026-02-07,FAC-TW,LINE-TW-01,PROD-X100,49,49,49,49,49,0,0,0
PLOT-00000193,2026-02-07,FAC-TW,LINE-TW-02,PROD-X100,42,40,42,42,40,2,2,0
PLOT-00000194,2026-02-07,FAC-MX,LINE-MX-01,PROD-X100,41,39,41,41,39,2,1,0
PLOT-00000195,2026-02-07,FAC-MX,LINE-MX-02,PROD-X100,43,41,43,43,41,2,1,1
PLOT-00000196,2026-02-07,FAC-MY,LINE-MY-01,PROD-S100,43,40,43,43,40,3,3,0
PLOT-00000197,2026-02-07,FAC-MY,LINE-MY-03,PROD-X200,51,41,51,51,41,10,8,1
PLOT-00000198,2026-02-08,FAC-TW,LINE-TW-01,PROD-X200,52,49,52,52,49,3,3,0
PLOT-00000199,2026-02-08,FAC-TW,LINE-TW-02,PROD-X100,35,33,35,35,33,2,1,0
PLOT-00000200,2026-02-08,FAC-MX,LINE-MX-01,PROD-X100,43,39,43,43,39,4,4,0
PLOT-00000201,2026-02-08,FAC-MX,LINE-MX-02,PROD-X100,43,41,43,43,41,2,1,1
PLOT-00000202,2026-02-08,FAC-MY,LINE-MY-01,PROD-X100,54,53,54,54,53,1,0,0
PLOT-00000203,2026-02-08,FAC-MY,LINE-MY-03,PROD-C100,45,42,45,45,42,3,3,0
PLOT-00000204,2026-02-09,FAC-TW,LINE-TW-01,PROD-X200,51,48,51,51,48,3,2,1
PLOT-00000205,2026-02-09,FAC-TW,LINE-TW-02,PROD-X100,53,51,53,53,51,2,1,0
PLOT-00000206,2026-02-09,FAC-MX,LINE-MX-01,PROD-X100,36,34,36,36,34,2,1,0
PLOT-00000207,2026-02-09,FAC-MX,LINE-MX-02,PROD-C100,35,34,35,35,34,1,1,0
PLOT-00000208,2026-02-09,FAC-MY,LINE-MY-01,PROD-C100,52,52,52,52,52,0,0,0
PLOT-00000209,2026-02-09,FAC-MY,LINE-MY-03,PROD-N100,41,36,41,41,36,5,4,1
PLOT-00000210,2026-02-10,FAC-TW,LINE-TW-01,PROD-X200,37,36,37,37,36,1,1,0
PLOT-00000211,2026-02-10,FAC-TW,LINE-TW-02,PROD-S100,45,45,45,45,45,0,0,0
PLOT-00000212,2026-02-10,FAC-MX,LINE-MX-01,PROD-X200,38,34,38,38,34,4,2,0
PLOT-00000213,2026-02-10,FAC-MX,LINE-MX-02,PROD-C100,44,42,44,44,42,2,0,1
PLOT-00000214,2026-02-10,FAC-MY,LINE-MY-01,PROD-C100,48,46,48,48,46,2,2,0
PLOT-00000215,2026-02-10,FAC-MY,LINE-MY-03,PROD-X200,44,42,44,44,42,2,1,0
PLOT-00000216,2026-02-11,FAC-TW,LINE-TW-01,PROD-C100,41,40,41,41,40,1,0,0
PLOT-00000217,2026-02-11,FAC-TW,LINE-TW-02,PROD-X200,47,47,47,47,47,0,0,0
PLOT-00000218,2026-02-11,FAC-MX,LINE-MX-01,PROD-X200,40,35,40,40,35,5,3,1
PLOT-00000219,2026-02-11,FAC-MX,LINE-MX-02,PROD-X200,44,43,44,44,43,1,1,0
PLOT-00000220,2026-02-11,FAC-MY,LINE-MY-01,PROD-C100,35,32,35,35,32,3,2,0
PLOT-00000221,2026-02-11,FAC-MY,LINE-MY-03,PROD-X200,41,36,41,41,36,5,4,1
PLOT-00000222,2026-02-12,FAC-TW,LINE-TW-01,PROD-X200,53,53,53,53,53,0,0,0
PLOT-00000223,2026-02-12,FAC-TW,LINE-TW-02,PROD-C100,45,43,45,45,43,2,1,1
PLOT-00000224,2026-02-12,FAC-MX,LINE-MX-01,PROD-X100,49,47,49,49,47,2,0,1
PLOT-00000225,2026-02-12,FAC-MX,LINE-MX-02,PROD-X200,51,49,51,51,49,2,0,0
PLOT-00000226,2026-02-12,FAC-MY,LINE-MY-01,PROD-C100,40,39,40,40,39,1,1,0
PLOT-00000227,2026-02-12,FAC-MY,LINE-MY-03,PROD-N100,44,40,44,44,40,4,3,1
PLOT-00000228,2026-02-13,FAC-TW,LINE-TW-01,PROD-X200,55,55,55,55,55,0,0,0
PLOT-00000229,2026-02-13,FAC-TW,LINE-TW-02,PROD-C100,37,37,37,37,37,0,0,0
PLOT-00000230,2026-02-13,FAC-MX,LINE-MX-01,PROD-N100,42,41,42,42,41,1,1,0
PLOT-00000231,2026-02-13,FAC-MX,LINE-MX-02,PROD-X200,42,39,42,42,39,3,1,1
PLOT-00000232,2026-02-13,FAC-MY,LINE-MY-01,PROD-S100,39,39,39,39,39,0,0,0
PLOT-00000233,2026-02-13,FAC-MY,LINE-MY-03,PROD-X100,42,38,42,42,38,4,3,0
PLOT-00000234,2026-02-14,FAC-TW,LINE-TW-01,PROD-S100,54,52,54,54,52,2,1,0
PLOT-00000235,2026-02-14,FAC-TW,LINE-TW-02,PROD-N100,37,37,37,37,37,0,0,0
PLOT-00000236,2026-02-14,FAC-MX,LINE-MX-01,PROD-X100,55,54,55,55,54,1,1,0
PLOT-00000237,2026-02-14,FAC-MX,LINE-MX-02,PROD-X200,47,43,47,47,43,4,3,1
PLOT-00000238,2026-02-14,FAC-MY,LINE-MY-01,PROD-C100,42,40,42,42,40,2,1,0
PLOT-00000239,2026-02-14,FAC-MY,LINE-MY-03,PROD-X100,35,33,35,35,33,2,1,0
PLOT-00000240,2026-02-15,FAC-TW,LINE-TW-01,PROD-N100,38,38,38,38,38,0,0,0
PLOT-00000241,2026-02-15,FAC-TW,LINE-TW-02,PROD-N100,42,42,42,42,42,0,0,0
PLOT-00000242,2026-02-15,FAC-MX,LINE-MX-01,PROD-X100,51,49,51,51,49,2,1,0
PLOT-00000243,2026-02-15,FAC-MX,LINE-MX-02,PROD-X100,52,52,52,52,52,0,0,0
PLOT-00000244,2026-02-15,FAC-MY,LINE-MY-01,PROD-X100,38,38,38,38,38,0,0,0
PLOT-00000245,2026-02-15,FAC-MY,LINE-MY-03,PROD-C100,49,43,49,49,43,6,4,2
PLOT-00000246,2026-02-16,FAC-TW,LINE-TW-01,PROD-C100,52,51,52,52,51,1,1,0
PLOT-00000247,2026-02-16,FAC-TW,LINE-TW-02,PROD-C100,49,49,49,49,49,0,0,0
PLOT-00000248,2026-02-16,FAC-MX,LINE-MX-01,PROD-X200,51,49,51,51,49,2,0,1
PLOT-00000249,2026-02-16,FAC-MX,LINE-MX-02,PROD-X100,52,50,52,52,50,2,1,0
PLOT-00000250,2026-02-16,FAC-MY,LINE-MY-01,PROD-C100,40,40,40,40,40,0,0,0
PLOT-00000251,2026-02-16,FAC-MY,LINE-MY-03,PROD-N100,50,46,50,50,46,4,2,1
PLOT-00000252,2026-02-17,FAC-TW,LINE-TW-01,PROD-X200,42,41,42,42,41,1,1,0
PLOT-00000253,2026-02-17,FAC-TW,LINE-TW-02,PROD-N100,43,43,43,43,43,0,0,0
PLOT-00000254,2026-02-17,FAC-MX,LINE-MX-01,PROD-C100,51,51,51,51,51,0,0,0
PLOT-00000255,2026-02-17,FAC-MX,LINE-MX-02,PROD-X100,42,40,42,42,40,2,0,1
PLOT-00000256,2026-02-17,FAC-MY,LINE-MY-01,PROD-X200,37,37,37,37,37,0,0,0
PLOT-00000257,2026-02-17,FAC-MY,LINE-MY-03,PROD-N100,42,38,42,42,38,4,3,0
PLOT-00000258,2026-02-18,FAC-TW,LINE-TW-01,PROD-X100,45,44,45,45,44,1,0,0
PLOT-00000259,2026-02-18,FAC-TW,LINE-TW-02,PROD-N100,37,36,37,37,36,1,1,0
PLOT-00000260,2026-02-18,FAC-MX,LINE-MX-01,PROD-X100,42,41,42,42,41,1,0,1
PLOT-00000261,2026-02-18,FAC-MX,LINE-MX-02,PROD-X100,39,37,39,39,37,2,2,0
PLOT-00000262,2026-02-18,FAC-MY,LINE-MY-01,PROD-N100,37,35,37,37,35,2,1,0
PLOT-00000263,2026-02-18,FAC-MY,LINE-MY-03,PROD-C100,45,37,45,45,37,8,7,1
PLOT-00000264,2026-02-19,FAC-TW,LINE-TW-01,PROD-X200,48,44,48,48,44,4,3,1
PLOT-00000265,2026-02-19,FAC-TW,LINE-TW-02,PROD-X100,48,46,48,48,46,2,1,0
PLOT-00000266,2026-02-19,FAC-MX,LINE-MX-01,PROD-X100,53,50,53,53,50,3,1,0
PLOT-00000267,2026-02-19,FAC-MX,LINE-MX-02,PROD-S100,35,32,35,35,32,3,2,0
PLOT-00000268,2026-02-19,FAC-MY,LINE-MY-01,PROD-S100,53,52,53,53,52,1,1,0
PLOT-00000269,2026-02-19,FAC-MY,LINE-MY-03,PROD-X200,35,31,35,35,31,4,2,1
PLOT-00000270,2026-02-20,FAC-TW,LINE-TW-01,PROD-S100,44,44,44,44,44,0,0,0
PLOT-00000271,2026-02-20,FAC-TW,LINE-TW-02,PROD-N100,48,46,48,48,46,2,2,0
PLOT-00000272,2026-02-20,FAC-MX,LINE-MX-01,PROD-X200,52,47,52,52,47,5,3,0
PLOT-00000273,2026-02-20,FAC-MX,LINE-MX-02,PROD-N100,42,38,42,42,38,4,2,0
PLOT-00000274,2026-02-20,FAC-MY,LINE-MY-01,PROD-C100,43,42,43,43,42,1,1,0
PLOT-00000275,2026-02-20,FAC-MY,LINE-MY-03,PROD-C100,35,34,35,35,34,1,1,0
PLOT-00000276,2026-02-21,FAC-TW,LINE-TW-01,PROD-X200,47,46,47,47,46,1,1,0
PLOT-00000277,2026-02-21,FAC-TW,LINE-TW-02,PROD-C100,49,46,49,49,46,3,1,0
PLOT-00000278,2026-02-21,FAC-MX,LINE-MX-01,PROD-S100,54,52,54,54,52,2,1,0
PLOT-00000279,2026-02-21,FAC-MX,LINE-MX-02,PROD-X200,47,46,47,47,46,1,1,0
PLOT-00000280,2026-02-21,FAC-MY,LINE-MY-01,PROD-N100,35,35,35,35,35,0,0,0
PLOT-00000281,2026-02-21,FAC-MY,LINE-MY-03,PROD-X100,48,47,48,48,47,1,1,0
PLOT-00000282,2026-02-22,FAC-TW,LINE-TW-01,PROD-X100,49,49,49,49,49,0,0,0
PLOT-00000283,2026-02-22,FAC-TW,LINE-TW-02,PROD-X100,43,43,43,43,43,0,0,0
PLOT-00000284,2026-02-22,FAC-MX,LINE-MX-01,PROD-X100,41,40,41,41,40,1,0,0
PLOT-00000285,2026-02-22,FAC-MX,LINE-MX-02,PROD-X100,45,44,45,45,44,1,1,0
PLOT-00000286,2026-02-22,FAC-MY,LINE-MY-01,PROD-N100,47,45,47,47,45,2,1,1
PLOT-00000287,2026-02-22,FAC-MY,LINE-MY-03,PROD-X200,48,42,48,48,42,6,4,1
PLOT-00000288,2026-02-23,FAC-TW,LINE-TW-01,PROD-X100,37,36,37,37,36,1,1,0
PLOT-00000289,2026-02-23,FAC-TW,LINE-TW-02,PROD-X200,52,50,52,52,50,2,1,0
PLOT-00000290,2026-02-23,FAC-MX,LINE-MX-01,PROD-X100,46,45,46,46,45,1,0,0
PLOT-00000291,2026-02-23,FAC-MX,LINE-MX-02,PROD-X100,37,36,37,37,36,1,0,0
PLOT-00000292,2026-02-23,FAC-MY,LINE-MY-01,PROD-S100,55,54,55,55,54,1,1,0
PLOT-00000293,2026-02-23,FAC-MY,LINE-MY-03,PROD-X100,35,31,35,35,31,4,1,1
PLOT-00000294,2026-02-24,FAC-TW,LINE-TW-01,PROD-S100,41,39,41,41,39,2,1,0
PLOT-00000295,2026-02-24,FAC-TW,LINE-TW-02,PROD-N100,54,53,54,54,53,1,0,0
PLOT-00000296,2026-02-24,FAC-MX,LINE-MX-01,PROD-X100,39,38,39,39,38,1,1,0
PLOT-00000297,2026-02-24,FAC-MX,LINE-MX-02,PROD-X100,38,38,38,38,38,0,0,0
PLOT-00000298,2026-02-24,FAC-MY,LINE-MY-01,PROD-C100,41,39,41,41,39,2,1,0
PLOT-00000299,2026-02-24,FAC-MY,LINE-MY-03,PROD-C100,43,39,43,43,39,4,2,1
PLOT-00000300,2026-02-25,FAC-TW,LINE-TW-01,PROD-N100,40,40,40,40,40,0,0,0
PLOT-00000301,2026-02-25,FAC-TW,LINE-TW-02,PROD-C100,38,37,38,38,37,1,1,0
PLOT-00000302,2026-02-25,FAC-MX,LINE-MX-01,PROD-C100,40,39,40,40,39,1,1,0
PLOT-00000303,2026-02-25,FAC-MX,LINE-MX-02,PROD-S100,38,36,38,38,36,2,2,0
PLOT-00000304,2026-02-25,FAC-MY,LINE-MY-01,PROD-C100,44,43,44,44,43,1,0,0
PLOT-00000305,2026-02-25,FAC-MY,LINE-MY-03,PROD-C100,47,38,47,47,38,9,5,3
PLOT-00000306,2026-02-26,FAC-TW,LINE-TW-01,PROD-X200,41,41,41,41,41,0,0,0
PLOT-00000307,2026-02-26,FAC-TW,LINE-TW-02,PROD-X100,55,53,55,55,53,2,1,0
PLOT-00000308,2026-02-26,FAC-MX,LINE-MX-01,PROD-X100,44,44,44,44,44,0,0,0
PLOT-00000309,2026-02-26,FAC-MX,LINE-MX-02,PROD-N100,54,52,54,54,52,2,0,1
PLOT-00000310,2026-02-26,FAC-MY,LINE-MY-01,PROD-S100,53,51,53,53,51,2,2,0
PLOT-00000311,2026-02-26,FAC-MY,LINE-MY-03,PROD-S100,46,42,46,46,42,4,2,0
PLOT-00000312,2026-02-27,FAC-TW,LINE-TW-01,PROD-X200,46,44,46,46,44,2,0,0
PLOT-00000313,2026-02-27,FAC-TW,LINE-TW-02,PROD-X100,55,55,55,55,55,0,0,0
PLOT-00000314,2026-02-27,FAC-MX,LINE-MX-01,PROD-X100,48,46,48,48,46,2,1,0
PLOT-00000315,2026-02-27,FAC-MX,LINE-MX-02,PROD-N100,38,35,38,38,35,3,1,0
PLOT-00000316,2026-02-27,FAC-MY,LINE-MY-01,PROD-C100,46,44,46,46,44,2,1,0
PLOT-00000317,2026-02-27,FAC-MY,LINE-MY-03,PROD-N100,49,47,49,49,47,2,0,0
PLOT-00000318,2026-02-28,FAC-TW,LINE-TW-01,PROD-C100,48,48,48,48,48,0,0,0
PLOT-00000319,2026-02-28,FAC-TW,LINE-TW-02,PROD-X100,51,51,51,51,51,0,0,0
PLOT-00000320,2026-02-28,FAC-MX,LINE-MX-01,PROD-S100,43,42,43,43,42,1,1,0
PLOT-00000321,2026-02-28,FAC-MX,LINE-MX-02,PROD-X200,52,49,52,52,49,3,2,0
PLOT-00000322,2026-02-28,FAC-MY,LINE-MY-01,PROD-N100,49,47,49,49,47,2,1,0
PLOT-00000323,2026-02-28,FAC-MY,LINE-MY-03,PROD-C100,53,49,53,53,49,4,2,2
PLOT-00000324,2026-03-01,FAC-TW,LINE-TW-01,PROD-X100,42,40,42,42,40,2,1,0
PLOT-00000325,2026-03-01,FAC-TW,LINE-TW-02,PROD-N100,37,35,37,37,35,2,1,0
PLOT-00000326,2026-03-01,FAC-MX,LINE-MX-01,PROD-X100,49,47,49,49,47,2,1,1
PLOT-00000327,2026-03-01,FAC-MX,LINE-MX-02,PROD-X100,49,47,49,49,47,2,1,0
PLOT-00000328,2026-03-01,FAC-MY,LINE-MY-01,PROD-C100,47,46,47,47,46,1,1,0
PLOT-00000329,2026-03-01,FAC-MY,LINE-MY-03,PROD-X200,50,45,50,50,45,5,3,2
PLOT-00000330,2026-03-02,FAC-TW,LINE-TW-01,PROD-N100,40,38,40,40,38,2,1,0
PLOT-00000331,2026-03-02,FAC-TW,LINE-TW-02,PROD-X200,46,46,46,46,46,0,0,0
PLOT-00000332,2026-03-02,FAC-MX,LINE-MX-01,PROD-N100,45,43,45,45,43,2,1,1
PLOT-00000333,2026-03-02,FAC-MX,LINE-MX-02,PROD-X100,54,51,54,54,51,3,3,0
PLOT-00000334,2026-03-02,FAC-MY,LINE-MY-01,PROD-N100,43,43,43,43,43,0,0,0
PLOT-00000335,2026-03-02,FAC-MY,LINE-MY-03,PROD-C100,51,47,51,51,47,4,2,0
PLOT-00000336,2026-03-03,FAC-TW,LINE-TW-01,PROD-S100,37,37,37,37,37,0,0,0
PLOT-00000337,2026-03-03,FAC-TW,LINE-TW-02,PROD-X100,48,46,48,48,46,2,2,0
PLOT-00000338,2026-03-03,FAC-MX,LINE-MX-01,PROD-X100,42,41,42,42,41,1,1,0
PLOT-00000339,2026-03-03,FAC-MX,LINE-MX-02,PROD-C100,55,51,55,55,51,4,3,1
PLOT-00000340,2026-03-03,FAC-MY,LINE-MY-01,PROD-N100,49,46,49,49,46,3,1,0
PLOT-00000341,2026-03-03,FAC-MY,LINE-MY-03,PROD-S100,37,35,37,37,35,2,2,0
PLOT-00000342,2026-03-04,FAC-TW,LINE-TW-01,PROD-X100,47,47,47,47,47,0,0,0
PLOT-00000343,2026-03-04,FAC-TW,LINE-TW-02,PROD-C100,44,42,44,44,42,2,2,0
PLOT-00000344,2026-03-04,FAC-MX,LINE-MX-01,PROD-X200,46,43,46,46,43,3,2,0
PLOT-00000345,2026-03-04,FAC-MX,LINE-MX-02,PROD-X100,51,50,51,51,50,1,1,0
PLOT-00000346,2026-03-04,FAC-MY,LINE-MY-01,PROD-X200,52,48,52,52,48,4,3,0
PLOT-00000347,2026-03-04,FAC-MY,LINE-MY-03,PROD-X200,49,45,49,49,45,4,4,0
PLOT-00000348,2026-03-05,FAC-TW,LINE-TW-01,PROD-X100,43,42,43,43,42,1,0,1
PLOT-00000349,2026-03-05,FAC-TW,LINE-TW-02,PROD-X100,41,39,41,41,39,2,1,0
PLOT-00000350,2026-03-05,FAC-MX,LINE-MX-01,PROD-X100,52,49,52,52,49,3,0,0
PLOT-00000351,2026-03-05,FAC-MX,LINE-MX-02,PROD-S100,40,37,40,40,37,3,1,0
PLOT-00000352,2026-03-05,FAC-MY,LINE-MY-01,PROD-X100,50,49,50,50,49,1,0,0
PLOT-00000353,2026-03-05,FAC-MY,LINE-MY-03,PROD-X200,53,52,53,53,52,1,0,0
PLOT-00000354,2026-03-06,FAC-TW,LINE-TW-01,PROD-S100,51,48,51,51,48,3,1,0
PLOT-00000355,2026-03-06,FAC-TW,LINE-TW-02,PROD-C100,38,38,38,38,38,0,0,0
PLOT-00000356,2026-03-06,FAC-MX,LINE-MX-01,PROD-N100,44,41,44,44,41,3,2,0
PLOT-00000357,2026-03-06,FAC-MX,LINE-MX-02,PROD-X100,40,39,40,40,39,1,1,0
PLOT-00000358,2026-03-06,FAC-MY,LINE-MY-01,PROD-X200,52,50,52,52,50,2,0,0
PLOT-00000359,2026-03-06,FAC-MY,LINE-MY-03,PROD-X100,36,32,36,36,32,4,3,1
PLOT-00000360,2026-03-07,FAC-TW,LINE-TW-01,PROD-S100,52,50,52,52,50,2,1,0
PLOT-00000361,2026-03-07,FAC-TW,LINE-TW-02,PROD-X100,39,38,39,39,38,1,0,0
PLOT-00000362,2026-03-07,FAC-MX,LINE-MX-01,PROD-X200,50,48,50,50,48,2,1,0
PLOT-00000363,2026-03-07,FAC-MX,LINE-MX-02,PROD-X100,35,33,35,35,33,2,1,1
PLOT-00000364,2026-03-07,FAC-MY,LINE-MY-01,PROD-C100,50,50,50,50,50,0,0,0
PLOT-00000365,2026-03-07,FAC-MY,LINE-MY-03,PROD-C100,45,38,45,45,38,7,5,1
PLOT-00000366,2026-03-08,FAC-TW,LINE-TW-01,PROD-X100,36,34,36,36,34,2,0,1
PLOT-00000367,2026-03-08,FAC-TW,LINE-TW-02,PROD-X100,50,50,50,50,50,0,0,0
PLOT-00000368,2026-03-08,FAC-MX,LINE-MX-01,PROD-X100,37,36,37,37,36,1,1,0
PLOT-00000369,2026-03-08,FAC-MX,LINE-MX-02,PROD-X100,37,35,37,37,35,2,2,0
PLOT-00000370,2026-03-08,FAC-MY,LINE-MY-01,PROD-C100,36,36,36,36,36,0,0,0
PLOT-00000371,2026-03-08,FAC-MY,LINE-MY-03,PROD-X100,53,49,53,53,49,4,4,0
PLOT-00000372,2026-03-09,FAC-TW,LINE-TW-01,PROD-S100,37,35,37,37,35,2,0,0
PLOT-00000373,2026-03-09,FAC-TW,LINE-TW-02,PROD-S100,38,35,38,38,35,3,2,1
PLOT-00000374,2026-03-09,FAC-MX,LINE-MX-01,PROD-X200,48,47,48,48,47,1,0,0
PLOT-00000375,2026-03-09,FAC-MX,LINE-MX-02,PROD-X200,54,52,54,54,52,2,2,0
PLOT-00000376,2026-03-09,FAC-MY,LINE-MY-01,PROD-X100,51,50,51,51,50,1,1,0
PLOT-00000377,2026-03-09,FAC-MY,LINE-MY-03,PROD-X200,49,45,49,49,45,4,4,0
PLOT-00000378,2026-03-10,FAC-TW,LINE-TW-01,PROD-X100,53,53,53,53,53,0,0,0
PLOT-00000379,2026-03-10,FAC-TW,LINE-TW-02,PROD-S100,44,42,44,44,42,2,1,1
PLOT-00000380,2026-03-10,FAC-MX,LINE-MX-01,PROD-X200,36,36,36,36,36,0,0,0
PLOT-00000381,2026-03-10,FAC-MX,LINE-MX-02,PROD-X200,38,37,38,38,37,1,1,0
PLOT-00000382,2026-03-10,FAC-MY,LINE-MY-01,PROD-S100,41,40,41,41,40,1,0,1
PLOT-00000383,2026-03-10,FAC-MY,LINE-MY-03,PROD-N100,43,40,43,43,40,3,1,0
PLOT-00000384,2026-03-11,FAC-TW,LINE-TW-01,PROD-C100,40,39,40,40,39,1,1,0
PLOT-00000385,2026-03-11,FAC-TW,LINE-TW-02,PROD-X100,52,51,52,52,51,1,0,0
PLOT-00000386,2026-03-11,FAC-MX,LINE-MX-01,PROD-X100,35,33,35,35,33,2,1,0
PLOT-00000387,2026-03-11,FAC-MX,LINE-MX-02,PROD-X100,54,54,54,54,54,0,0,0
PLOT-00000388,2026-03-11,FAC-MY,LINE-MY-01,PROD-C100,36,34,36,36,34,2,2,0
PLOT-00000389,2026-03-11,FAC-MY,LINE-MY-03,PROD-X100,44,37,44,44,37,7,6,0
PLOT-00000390,2026-03-12,FAC-TW,LINE-TW-01,PROD-C100,49,48,49,49,48,1,1,0
PLOT-00000391,2026-03-12,FAC-TW,LINE-TW-02,PROD-X100,42,41,42,42,41,1,1,0
PLOT-00000392,2026-03-12,FAC-MX,LINE-MX-01,PROD-S100,55,51,55,55,51,4,1,0
PLOT-00000393,2026-03-12,FAC-MX,LINE-MX-02,PROD-X200,41,38,41,41,38,3,2,0
PLOT-00000394,2026-03-12,FAC-MY,LINE-MY-01,PROD-C100,52,48,52,52,48,4,3,0
PLOT-00000395,2026-03-12,FAC-MY,LINE-MY-03,PROD-X100,39,35,39,39,35,4,2,0
PLOT-00000396,2026-03-13,FAC-TW,LINE-TW-01,PROD-S100,39,38,39,39,38,1,0,1
PLOT-00000397,2026-03-13,FAC-TW,LINE-TW-02,PROD-X100,40,40,40,40,40,0,0,0
PLOT-00000398,2026-03-13,FAC-MX,LINE-MX-01,PROD-N100,54,52,54,54,52,2,2,0
PLOT-00000399,2026-03-13,FAC-MX,LINE-MX-02,PROD-C100,53,52,53,53,52,1,1,0
PLOT-00000400,2026-03-13,FAC-MY,LINE-MY-01,PROD-S100,49,45,49,49,45,4,4,0
PLOT-00000401,2026-03-13,FAC-MY,LINE-MY-03,PROD-X100,44,38,44,44,38,6,3,0
PLOT-00000402,2026-03-14,FAC-TW,LINE-TW-01,PROD-C100,43,43,43,43,43,0,0,0
PLOT-00000403,2026-03-14,FAC-TW,LINE-TW-02,PROD-X200,50,48,50,50,48,2,1,1
PLOT-00000404,2026-03-14,FAC-MX,LINE-MX-01,PROD-X100,54,52,54,54,52,2,0,0
PLOT-00000405,2026-03-14,FAC-MX,LINE-MX-02,PROD-X100,48,46,48,48,46,2,0,1
PLOT-00000406,2026-03-14,FAC-MY,LINE-MY-01,PROD-N100,54,51,54,54,51,3,1,1
PLOT-00000407,2026-03-14,FAC-MY,LINE-MY-03,PROD-X200,37,35,37,37,35,2,0,1
PLOT-00000408,2026-03-15,FAC-TW,LINE-TW-01,PROD-X100,53,51,53,53,51,2,0,1
PLOT-00000409,2026-03-15,FAC-TW,LINE-TW-02,PROD-C100,35,34,35,35,34,1,1,0
PLOT-00000410,2026-03-15,FAC-MX,LINE-MX-01,PROD-S100,43,41,43,43,41,2,1,0
PLOT-00000411,2026-03-15,FAC-MX,LINE-MX-02,PROD-X200,40,39,40,40,39,1,0,1
PLOT-00000412,2026-03-15,FAC-MY,LINE-MY-01,PROD-C100,55,52,55,55,52,3,2,0
PLOT-00000413,2026-03-15,FAC-MY,LINE-MY-03,PROD-C100,43,37,43,43,37,6,5,0
PLOT-00000414,2026-03-16,FAC-TW,LINE-TW-01,PROD-X100,53,53,53,53,53,0,0,0
PLOT-00000415,2026-03-16,FAC-TW,LINE-TW-02,PROD-X200,50,49,50,50,49,1,1,0
PLOT-00000416,2026-03-16,FAC-MX,LINE-MX-01,PROD-S100,50,47,50,50,47,3,1,0
PLOT-00000417,2026-03-16,FAC-MX,LINE-MX-02,PROD-X100,45,44,45,45,44,1,0,1
PLOT-00000418,2026-03-16,FAC-MY,LINE-MY-01,PROD-X200,38,37,38,38,37,1,0,0
PLOT-00000419,2026-03-16,FAC-MY,LINE-MY-03,PROD-S100,45,41,45,45,41,4,2,0
PLOT-00000420,2026-03-17,FAC-TW,LINE-TW-01,PROD-X200,50,49,50,50,49,1,0,0
PLOT-00000421,2026-03-17,FAC-TW,LINE-TW-02,PROD-X100,47,47,47,47,47,0,0,0
PLOT-00000422,2026-03-17,FAC-MX,LINE-MX-01,PROD-N100,52,50,52,52,50,2,1,0
PLOT-00000423,2026-03-17,FAC-MX,LINE-MX-02,PROD-X100,37,36,37,37,36,1,1,0
PLOT-00000424,2026-03-17,FAC-MY,LINE-MY-01,PROD-X200,45,41,45,45,41,4,3,0
PLOT-00000425,2026-03-17,FAC-MY,LINE-MY-03,PROD-X100,47,44,47,47,44,3,1,2
PLOT-00000426,2026-03-18,FAC-TW,LINE-TW-01,PROD-N100,35,35,35,35,35,0,0,0
PLOT-00000427,2026-03-18,FAC-TW,LINE-TW-02,PROD-C100,52,51,52,52,51,1,0,0
PLOT-00000428,2026-03-18,FAC-MX,LINE-MX-01,PROD-X100,36,34,36,36,34,2,1,0
PLOT-00000429,2026-03-18,FAC-MX,LINE-MX-02,PROD-X100,46,45,46,46,45,1,0,0
PLOT-00000430,2026-03-18,FAC-MY,LINE-MY-01,PROD-N100,50,47,50,50,47,3,1,0
PLOT-00000431,2026-03-18,FAC-MY,LINE-MY-03,PROD-N100,36,32,36,36,32,4,3,0
PLOT-00000432,2026-03-19,FAC-TW,LINE-TW-01,PROD-X100,52,51,52,52,51,1,0,0
PLOT-00000433,2026-03-19,FAC-TW,LINE-TW-02,PROD-X100,44,44,44,44,44,0,0,0
PLOT-00000434,2026-03-19,FAC-MX,LINE-MX-01,PROD-X100,50,49,50,50,49,1,1,0
PLOT-00000435,2026-03-19,FAC-MX,LINE-MX-02,PROD-X100,55,54,55,55,54,1,1,0
PLOT-00000436,2026-03-19,FAC-MY,LINE-MY-01,PROD-N100,42,40,42,42,40,2,1,1
PLOT-00000437,2026-03-19,FAC-MY,LINE-MY-03,PROD-N100,44,41,44,44,41,3,2,1
PLOT-00000438,2026-03-20,FAC-TW,LINE-TW-01,PROD-C100,52,51,52,52,51,1,0,0
PLOT-00000439,2026-03-20,FAC-TW,LINE-TW-02,PROD-X200,42,39,42,42,39,3,2,0
PLOT-00000440,2026-03-20,FAC-MX,LINE-MX-01,PROD-S100,38,37,38,38,37,1,1,0
PLOT-00000441,2026-03-20,FAC-MX,LINE-MX-02,PROD-X100,38,36,38,38,36,2,2,0
PLOT-00000442,2026-03-20,FAC-MY,LINE-MY-01,PROD-N100,39,35,39,39,35,4,2,1
PLOT-00000443,2026-03-20,FAC-MY,LINE-MY-03,PROD-C100,44,41,44,44,41,3,1,0
PLOT-00000444,2026-03-21,FAC-TW,LINE-TW-01,PROD-X200,43,38,43,43,38,5,3,0
PLOT-00000445,2026-03-21,FAC-TW,LINE-TW-02,PROD-X200,50,47,50,50,47,3,3,0
PLOT-00000446,2026-03-21,FAC-MX,LINE-MX-01,PROD-S100,42,38,42,42,38,4,1,0
PLOT-00000447,2026-03-21,FAC-MX,LINE-MX-02,PROD-X100,39,37,39,39,37,2,1,0
PLOT-00000448,2026-03-21,FAC-MY,LINE-MY-01,PROD-X200,54,51,54,54,51,3,2,1
PLOT-00000449,2026-03-21,FAC-MY,LINE-MY-03,PROD-C100,39,38,39,39,38,1,1,0
PLOT-00000450,2026-03-22,FAC-TW,LINE-TW-01,PROD-N100,43,43,43,43,43,0,0,0
PLOT-00000451,2026-03-22,FAC-TW,LINE-TW-02,PROD-N100,48,47,48,48,47,1,0,0
PLOT-00000452,2026-03-22,FAC-MX,LINE-MX-01,PROD-X100,51,50,51,51,50,1,0,0
PLOT-00000453,2026-03-22,FAC-MX,LINE-MX-02,PROD-X100,35,34,35,35,34,1,0,1
PLOT-00000454,2026-03-22,FAC-MY,LINE-MY-01,PROD-X200,44,41,44,44,41,3,2,0
PLOT-00000455,2026-03-22,FAC-MY,LINE-MY-03,PROD-S100,53,52,53,53,52,1,0,0
PLOT-00000456,2026-03-23,FAC-TW,LINE-TW-01,PROD-S100,50,49,50,50,49,1,1,0
PLOT-00000457,2026-03-23,FAC-TW,LINE-TW-02,PROD-N100,49,47,49,49,47,2,2,0
PLOT-00000458,2026-03-23,FAC-MX,LINE-MX-01,PROD-X200,46,42,46,46,42,4,2,1
PLOT-00000459,2026-03-23,FAC-MX,LINE-MX-02,PROD-X100,52,49,52,52,49,3,0,0
PLOT-00000460,2026-03-23,FAC-MY,LINE-MY-01,PROD-X200,45,43,45,45,43,2,2,0
PLOT-00000461,2026-03-23,FAC-MY,LINE-MY-03,PROD-S100,42,39,42,42,39,3,1,0
PLOT-00000462,2026-03-24,FAC-TW,LINE-TW-01,PROD-C100,42,41,42,42,41,1,1,0
PLOT-00000463,2026-03-24,FAC-TW,LINE-TW-02,PROD-N100,48,47,48,48,47,1,0,0
PLOT-00000464,2026-03-24,FAC-MX,LINE-MX-01,PROD-X100,50,48,50,50,48,2,1,0
PLOT-00000465,2026-03-24,FAC-MX,LINE-MX-02,PROD-C100,47,46,47,47,46,1,1,0
PLOT-00000466,2026-03-24,FAC-MY,LINE-MY-01,PROD-X200,55,53,55,55,53,2,1,0
PLOT-00000467,2026-03-24,FAC-MY,LINE-MY-03,PROD-S100,50,47,50,50,47,3,2,0
PLOT-00000468,2026-03-25,FAC-TW,LINE-TW-01,PROD-S100,39,37,39,39,37,2,1,0
PLOT-00000469,2026-03-25,FAC-TW,LINE-TW-02,PROD-X200,53,50,53,53,50,3,2,0
PLOT-00000470,2026-03-25,FAC-MX,LINE-MX-01,PROD-X100,38,36,38,38,36,2,2,0
PLOT-00000471,2026-03-25,FAC-MX,LINE-MX-02,PROD-N100,49,47,49,49,47,2,0,0
PLOT-00000472,2026-03-25,FAC-MY,LINE-MY-01,PROD-X100,49,46,49,49,46,3,1,1
PLOT-00000473,2026-03-25,FAC-MY,LINE-MY-03,PROD-X100,39,37,39,39,37,2,1,0
PLOT-00000474,2026-03-26,FAC-TW,LINE-TW-01,PROD-X200,55,54,55,55,54,1,1,0
PLOT-00000475,2026-03-26,FAC-TW,LINE-TW-02,PROD-S100,37,36,37,37,36,1,0,1
PLOT-00000476,2026-03-26,FAC-MX,LINE-MX-01,PROD-X100,43,42,43,43,42,1,1,0
PLOT-00000477,2026-03-26,FAC-MX,LINE-MX-02,PROD-X100,47,42,47,47,42,5,4,1
PLOT-00000478,2026-03-26,FAC-MY,LINE-MY-01,PROD-N100,45,43,45,45,43,2,2,0
PLOT-00000479,2026-03-26,FAC-MY,LINE-MY-03,PROD-S100,52,50,52,52,50,2,2,0
PLOT-00000480,2026-03-27,FAC-TW,LINE-TW-01,PROD-X200,45,44,45,45,44,1,1,0
PLOT-00000481,2026-03-27,FAC-TW,LINE-TW-02,PROD-C100,50,49,50,50,49,1,1,0
PLOT-00000482,2026-03-27,FAC-MX,LINE-MX-01,PROD-N100,36,34,36,36,34,2,1,0
PLOT-00000483,2026-03-27,FAC-MX,LINE-MX-02,PROD-X200,42,41,42,42,41,1,1,0
PLOT-00000484,2026-03-27,FAC-MY,LINE-MY-01,PROD-N100,44,43,44,44,43,1,1,0
PLOT-00000485,2026-03-27,FAC-MY,LINE-MY-03,PROD-S100,37,36,37,37,36,1,1,0
PLOT-00000486,2026-03-28,FAC-TW,LINE-TW-01,PROD-X200,38,34,38,38,34,4,1,0
PLOT-00000487,2026-03-28,FAC-TW,LINE-TW-02,PROD-N100,38,37,38,38,37,1,0,0
PLOT-00000488,2026-03-28,FAC-MX,LINE-MX-01,PROD-X100,44,43,44,44,43,1,1,0
PLOT-00000489,2026-03-28,FAC-MX,LINE-MX-02,PROD-S100,36,34,36,36,34,2,0,1
PLOT-00000490,2026-03-28,FAC-MY,LINE-MY-01,PROD-X200,36,35,36,36,35,1,1,0
PLOT-00000491,2026-03-28,FAC-MY,LINE-MY-03,PROD-X200,46,42,46,46,42,4,4,0
PLOT-00000492,2026-03-29,FAC-TW,LINE-TW-01,PROD-X200,42,40,42,42,40,2,1,0
PLOT-00000493,2026-03-29,FAC-TW,LINE-TW-02,PROD-X200,53,50,53,53,50,3,3,0
PLOT-00000494,2026-03-29,FAC-MX,LINE-MX-01,PROD-C100,40,38,40,40,38,2,1,1
PLOT-00000495,2026-03-29,FAC-MX,LINE-MX-02,PROD-X100,37,37,37,37,37,0,0,0
PLOT-00000496,2026-03-29,FAC-MY,LINE-MY-01,PROD-N100,47,46,47,47,46,1,0,0
PLOT-00000497,2026-03-29,FAC-MY,LINE-MY-03,PROD-N100,42,39,42,42,39,3,2,0
PLOT-00000498,2026-03-30,FAC-TW,LINE-TW-01,PROD-X200,53,52,53,53,52,1,1,0
PLOT-00000499,2026-03-30,FAC-TW,LINE-TW-02,PROD-X100,49,48,49,49,48,1,1,0
PLOT-00000500,2026-03-30,FAC-MX,LINE-MX-01,PROD-X200,49,47,49,49,47,2,2,0
PLOT-00000501,2026-03-30,FAC-MX,LINE-MX-02,PROD-X100,35,35,35,35,35,0,0,0
PLOT-00000502,2026-03-30,FAC-MY,LINE-MY-01,PROD-S100,49,46,49,49,46,3,2,0
PLOT-00000503,2026-03-30,FAC-MY,LINE-MY-03,PROD-S100,52,42,52,52,42,10,6,2
PLOT-00000504,2026-03-31,FAC-TW,LINE-TW-01,PROD-X100,49,48,49,49,48,1,0,1
PLOT-00000505,2026-03-31,FAC-TW,LINE-TW-02,PROD-S100,53,52,53,53,52,1,1,0
PLOT-00000506,2026-03-31,FAC-MX,LINE-MX-01,PROD-X100,48,44,48,48,44,4,1,1
PLOT-00000507,2026-03-31,FAC-MX,LINE-MX-02,PROD-C100,49,47,49,49,47,2,1,1
PLOT-00000508,2026-03-31,FAC-MY,LINE-MY-01,PROD-S100,41,41,41,41,41,0,0,0
PLOT-00000509,2026-03-31,FAC-MY,LINE-MY-03,PROD-S100,50,42,50,50,42,8,6,0
PLOT-00000510,2026-04-01,FAC-TW,LINE-TW-01,PROD-X100,47,46,47,47,46,1,0,0
PLOT-00000511,2026-04-01,FAC-TW,LINE-TW-02,PROD-C100,53,51,53,53,51,2,1,0
PLOT-00000512,2026-04-01,FAC-MX,LINE-MX-01,PROD-X100,44,44,44,44,44,0,0,0
PLOT-00000513,2026-04-01,FAC-MX,LINE-MX-02,PROD-X100,47,47,47,47,47,0,0,0
PLOT-00000514,2026-04-01,FAC-MY,LINE-MY-01,PROD-X200,53,51,53,53,51,2,1,0
PLOT-00000515,2026-04-01,FAC-MY,LINE-MY-03,PROD-S100,36,35,36,36,35,1,1,0
PLOT-00000516,2026-04-02,FAC-TW,LINE-TW-01,PROD-S100,50,50,50,50,50,0,0,0
PLOT-00000517,2026-04-02,FAC-TW,LINE-TW-02,PROD-N100,44,43,44,44,43,1,1,0
PLOT-00000518,2026-04-02,FAC-MX,LINE-MX-01,PROD-C100,42,39,42,42,39,3,2,1
PLOT-00000519,2026-04-02,FAC-MX,LINE-MX-02,PROD-X200,46,43,46,46,43,3,2,0
PLOT-00000520,2026-04-02,FAC-MY,LINE-MY-01,PROD-X100,41,36,41,41,36,5,2,1
PLOT-00000521,2026-04-02,FAC-MY,LINE-MY-03,PROD-N100,39,37,39,39,37,2,1,0
PLOT-00000522,2026-04-03,FAC-TW,LINE-TW-01,PROD-C100,55,52,55,55,52,3,2,0
PLOT-00000523,2026-04-03,FAC-TW,LINE-TW-02,PROD-C100,44,44,44,44,44,0,0,0
PLOT-00000524,2026-04-03,FAC-MX,LINE-MX-01,PROD-N100,36,36,36,36,36,0,0,0
PLOT-00000525,2026-04-03,FAC-MX,LINE-MX-02,PROD-X200,39,36,39,39,36,3,1,1
PLOT-00000526,2026-04-03,FAC-MY,LINE-MY-01,PROD-X100,44,42,44,44,42,2,1,1
PLOT-00000527,2026-04-03,FAC-MY,LINE-MY-03,PROD-X200,48,44,48,48,44,4,4,0
PLOT-00000528,2026-04-04,FAC-TW,LINE-TW-01,PROD-X100,39,39,39,39,39,0,0,0
PLOT-00000529,2026-04-04,FAC-TW,LINE-TW-02,PROD-N100,46,45,46,46,45,1,1,0
PLOT-00000530,2026-04-04,FAC-MX,LINE-MX-01,PROD-X200,43,39,43,43,39,4,3,0
PLOT-00000531,2026-04-04,FAC-MX,LINE-MX-02,PROD-N100,43,42,43,43,42,1,1,0
PLOT-00000532,2026-04-04,FAC-MY,LINE-MY-01,PROD-S100,50,47,50,50,47,3,1,0
PLOT-00000533,2026-04-04,FAC-MY,LINE-MY-03,PROD-S100,44,40,44,44,40,4,1,0
PLOT-00000534,2026-04-05,FAC-TW,LINE-TW-01,PROD-C100,45,43,45,45,43,2,0,0
PLOT-00000535,2026-04-05,FAC-TW,LINE-TW-02,PROD-N100,49,48,49,49,48,1,1,0
PLOT-00000536,2026-04-05,FAC-MX,LINE-MX-01,PROD-S100,39,36,39,39,36,3,2,1
PLOT-00000537,2026-04-05,FAC-MX,LINE-MX-02,PROD-C100,42,41,42,42,41,1,0,0
PLOT-00000538,2026-04-05,FAC-MY,LINE-MY-01,PROD-S100,47,44,47,47,44,3,3,0
PLOT-00000539,2026-04-05,FAC-MY,LINE-MY-03,PROD-S100,52,49,52,52,49,3,2,1
PLOT-00000540,2026-04-06,FAC-TW,LINE-TW-01,PROD-X200,47,46,47,47,46,1,1,0
PLOT-00000541,2026-04-06,FAC-TW,LINE-TW-02,PROD-X100,52,50,52,52,50,2,1,0
PLOT-00000542,2026-04-06,FAC-MX,LINE-MX-01,PROD-X100,46,44,46,46,44,2,1,0
PLOT-00000543,2026-04-06,FAC-MX,LINE-MX-02,PROD-X200,43,39,43,43,39,4,1,1
PLOT-00000544,2026-04-06,FAC-MY,LINE-MY-01,PROD-N100,55,52,55,55,52,3,1,1
PLOT-00000545,2026-04-06,FAC-MY,LINE-MY-03,PROD-S100,38,34,38,38,34,4,2,1
PLOT-00000546,2026-04-07,FAC-TW,LINE-TW-01,PROD-C100,50,46,50,50,46,4,2,0
PLOT-00000547,2026-04-07,FAC-TW,LINE-TW-02,PROD-X100,52,52,52,52,52,0,0,0
PLOT-00000548,2026-04-07,FAC-MX,LINE-MX-01,PROD-X100,54,53,54,54,53,1,0,0
PLOT-00000549,2026-04-07,FAC-MX,LINE-MX-02,PROD-X100,37,36,37,37,36,1,1,0
PLOT-00000550,2026-04-07,FAC-MY,LINE-MY-01,PROD-N100,49,47,49,49,47,2,1,0
PLOT-00000551,2026-04-07,FAC-MY,LINE-MY-03,PROD-S100,44,42,44,44,42,2,0,1
PLOT-00000552,2026-04-08,FAC-TW,LINE-TW-01,PROD-C100,38,35,38,38,35,3,0,1
PLOT-00000553,2026-04-08,FAC-TW,LINE-TW-02,PROD-X100,36,36,36,36,36,0,0,0
PLOT-00000554,2026-04-08,FAC-MX,LINE-MX-01,PROD-X100,50,49,50,50,49,1,1,0
PLOT-00000555,2026-04-08,FAC-MX,LINE-MX-02,PROD-X100,42,39,42,42,39,3,0,1
PLOT-00000556,2026-04-08,FAC-MY,LINE-MY-01,PROD-S100,39,39,39,39,39,0,0,0
PLOT-00000557,2026-04-08,FAC-MY,LINE-MY-03,PROD-X200,46,42,46,46,42,4,2,1
PLOT-00000558,2026-04-09,FAC-TW,LINE-TW-01,PROD-C100,52,51,52,52,51,1,1,0
PLOT-00000559,2026-04-09,FAC-TW,LINE-TW-02,PROD-X200,39,38,39,39,38,1,0,0
PLOT-00000560,2026-04-09,FAC-MX,LINE-MX-01,PROD-N100,55,52,55,55,52,3,2,1
PLOT-00000561,2026-04-09,FAC-MX,LINE-MX-02,PROD-X100,50,49,50,50,49,1,0,1
PLOT-00000562,2026-04-09,FAC-MY,LINE-MY-01,PROD-N100,43,42,43,43,42,1,0,0
PLOT-00000563,2026-04-09,FAC-MY,LINE-MY-03,PROD-X100,46,44,46,46,44,2,1,0
PLOT-00000564,2026-04-10,FAC-TW,LINE-TW-01,PROD-X100,49,48,49,49,48,1,1,0
PLOT-00000565,2026-04-10,FAC-TW,LINE-TW-02,PROD-S100,46,45,46,46,45,1,0,0
PLOT-00000566,2026-04-10,FAC-MX,LINE-MX-01,PROD-X100,46,44,46,46,44,2,2,0
PLOT-00000567,2026-04-10,FAC-MX,LINE-MX-02,PROD-X200,55,51,55,55,51,4,2,0
PLOT-00000568,2026-04-10,FAC-MY,LINE-MY-01,PROD-X200,47,43,47,47,43,4,3,1
PLOT-00000569,2026-04-10,FAC-MY,LINE-MY-03,PROD-X200,38,37,38,38,37,1,0,0
PLOT-00000570,2026-04-11,FAC-TW,LINE-TW-01,PROD-S100,49,48,49,49,48,1,0,1
PLOT-00000571,2026-04-11,FAC-TW,LINE-TW-02,PROD-X100,41,39,41,41,39,2,0,1
PLOT-00000572,2026-04-11,FAC-MX,LINE-MX-01,PROD-X200,54,49,54,54,49,5,3,0
PLOT-00000573,2026-04-11,FAC-MX,LINE-MX-02,PROD-S100,36,36,36,36,36,0,0,0
PLOT-00000574,2026-04-11,FAC-MY,LINE-MY-01,PROD-S100,42,40,42,42,40,2,2,0
PLOT-00000575,2026-04-11,FAC-MY,LINE-MY-03,PROD-S100,53,49,53,53,49,4,0,2
PLOT-00000576,2026-04-12,FAC-TW,LINE-TW-01,PROD-X100,52,52,52,52,52,0,0,0
PLOT-00000577,2026-04-12,FAC-TW,LINE-TW-02,PROD-X100,41,40,41,41,40,1,1,0
PLOT-00000578,2026-04-12,FAC-MX,LINE-MX-01,PROD-N100,42,40,42,42,40,2,1,0
PLOT-00000579,2026-04-12,FAC-MX,LINE-MX-02,PROD-X100,39,38,39,39,38,1,1,0
PLOT-00000580,2026-04-12,FAC-MY,LINE-MY-01,PROD-S100,54,52,54,54,52,2,0,1
PLOT-00000581,2026-04-12,FAC-MY,LINE-MY-03,PROD-X100,39,33,39,39,33,6,2,3
PLOT-00000582,2026-04-13,FAC-TW,LINE-TW-01,PROD-S100,52,51,52,52,51,1,0,1
PLOT-00000583,2026-04-13,FAC-TW,LINE-TW-02,PROD-X100,40,40,40,40,40,0,0,0
PLOT-00000584,2026-04-13,FAC-MX,LINE-MX-01,PROD-X100,35,35,35,35,35,0,0,0
PLOT-00000585,2026-04-13,FAC-MX,LINE-MX-02,PROD-X100,46,45,46,46,45,1,0,0
PLOT-00000586,2026-04-13,FAC-MY,LINE-MY-01,PROD-S100,42,41,42,42,41,1,0,1
PLOT-00000587,2026-04-13,FAC-MY,LINE-MY-03,PROD-N100,35,33,35,35,33,2,2,0
PLOT-00000588,2026-04-14,FAC-TW,LINE-TW-01,PROD-X100,36,34,36,36,34,2,1,0
PLOT-00000589,2026-04-14,FAC-TW,LINE-TW-02,PROD-X100,48,48,48,48,48,0,0,0
PLOT-00000590,2026-04-14,FAC-MX,LINE-MX-01,PROD-X200,37,35,37,37,35,2,2,0
PLOT-00000591,2026-04-14,FAC-MX,LINE-MX-02,PROD-X100,46,45,46,46,45,1,0,0
PLOT-00000592,2026-04-14,FAC-MY,LINE-MY-01,PROD-C100,38,37,38,38,37,1,1,0
PLOT-00000593,2026-04-14,FAC-MY,LINE-MY-03,PROD-C100,42,35,42,42,35,7,4,0
PLOT-00000594,2026-04-15,FAC-TW,LINE-TW-01,PROD-S100,36,36,36,36,36,0,0,0
PLOT-00000595,2026-04-15,FAC-TW,LINE-TW-02,PROD-C100,51,50,51,51,50,1,1,0
PLOT-00000596,2026-04-15,FAC-MX,LINE-MX-01,PROD-X100,55,53,55,55,53,2,1,1
PLOT-00000597,2026-04-15,FAC-MX,LINE-MX-02,PROD-S100,36,32,36,36,32,4,3,0
PLOT-00000598,2026-04-15,FAC-MY,LINE-MY-01,PROD-S100,47,47,47,47,47,0,0,0
PLOT-00000599,2026-04-15,FAC-MY,LINE-MY-03,PROD-C100,38,35,38,38,35,3,2,0
PLOT-00000600,2026-04-16,FAC-TW,LINE-TW-01,PROD-X200,49,48,49,49,48,1,1,0
PLOT-00000601,2026-04-16,FAC-TW,LINE-TW-02,PROD-X100,37,37,37,37,37,0,0,0
PLOT-00000602,2026-04-16,FAC-MX,LINE-MX-01,PROD-X100,39,36,39,39,36,3,2,0
PLOT-00000603,2026-04-16,FAC-MX,LINE-MX-02,PROD-X100,43,39,43,43,39,4,3,0
PLOT-00000604,2026-04-16,FAC-MY,LINE-MY-01,PROD-N100,53,50,53,53,50,3,1,0
PLOT-00000605,2026-04-16,FAC-MY,LINE-MY-03,PROD-C100,45,43,45,45,43,2,0,2
PLOT-00000606,2026-04-17,FAC-TW,LINE-TW-01,PROD-X200,54,51,54,54,51,3,3,0
PLOT-00000607,2026-04-17,FAC-TW,LINE-TW-02,PROD-X200,49,49,49,49,49,0,0,0
PLOT-00000608,2026-04-17,FAC-MX,LINE-MX-01,PROD-X200,48,46,48,48,46,2,0,0
PLOT-00000609,2026-04-17,FAC-MX,LINE-MX-02,PROD-X100,38,33,38,38,33,5,4,0
PLOT-00000610,2026-04-17,FAC-MY,LINE-MY-01,PROD-S100,55,55,55,55,55,0,0,0
PLOT-00000611,2026-04-17,FAC-MY,LINE-MY-03,PROD-S100,52,47,52,52,47,5,2,1
PLOT-00000612,2026-04-18,FAC-TW,LINE-TW-01,PROD-C100,41,40,41,41,40,1,1,0
PLOT-00000613,2026-04-18,FAC-TW,LINE-TW-02,PROD-X200,42,38,42,42,38,4,2,0
PLOT-00000614,2026-04-18,FAC-MX,LINE-MX-01,PROD-X100,49,46,49,49,46,3,2,0
PLOT-00000615,2026-04-18,FAC-MX,LINE-MX-02,PROD-X100,38,27,38,38,27,11,5,3
PLOT-00000616,2026-04-18,FAC-MY,LINE-MY-01,PROD-X200,45,44,45,45,44,1,1,0
PLOT-00000617,2026-04-18,FAC-MY,LINE-MY-03,PROD-N100,46,44,46,46,44,2,1,0
PLOT-00000618,2026-04-19,FAC-TW,LINE-TW-01,PROD-S100,50,47,50,50,47,3,2,0
PLOT-00000619,2026-04-19,FAC-TW,LINE-TW-02,PROD-X100,37,37,37,37,37,0,0,0
PLOT-00000620,2026-04-19,FAC-MX,LINE-MX-01,PROD-X100,38,36,38,38,36,2,1,1
PLOT-00000621,2026-04-19,FAC-MX,LINE-MX-02,PROD-C100,46,42,46,46,42,4,2,0
PLOT-00000622,2026-04-19,FAC-MY,LINE-MY-01,PROD-S100,52,52,52,52,52,0,0,0
PLOT-00000623,2026-04-19,FAC-MY,LINE-MY-03,PROD-X100,52,51,52,52,51,1,0,0
PLOT-00000624,2026-04-20,FAC-TW,LINE-TW-01,PROD-C100,38,37,38,38,37,1,1,0
PLOT-00000625,2026-04-20,FAC-TW,LINE-TW-02,PROD-X200,48,48,48,48,48,0,0,0
PLOT-00000626,2026-04-20,FAC-MX,LINE-MX-01,PROD-N100,36,35,36,36,35,1,1,0
PLOT-00000627,2026-04-20,FAC-MX,LINE-MX-02,PROD-S100,54,46,54,54,46,8,5,1
PLOT-00000628,2026-04-20,FAC-MY,LINE-MY-01,PROD-X200,38,37,38,38,37,1,1,0
PLOT-00000629,2026-04-20,FAC-MY,LINE-MY-03,PROD-C100,41,41,41,41,41,0,0,0
PLOT-00000630,2026-04-21,FAC-TW,LINE-TW-01,PROD-X100,50,47,50,50,47,3,2,0
PLOT-00000631,2026-04-21,FAC-TW,LINE-TW-02,PROD-X100,38,37,38,38,37,1,0,1
PLOT-00000632,2026-04-21,FAC-MX,LINE-MX-01,PROD-X100,52,51,52,52,51,1,1,0
PLOT-00000633,2026-04-21,FAC-MX,LINE-MX-02,PROD-X100,43,40,43,43,40,3,2,0
PLOT-00000634,2026-04-21,FAC-MY,LINE-MY-01,PROD-C100,48,45,48,48,45,3,1,0
PLOT-00000635,2026-04-21,FAC-MY,LINE-MY-03,PROD-S100,54,51,54,54,51,3,2,0
PLOT-00000636,2026-04-22,FAC-TW,LINE-TW-01,PROD-C100,55,54,55,55,54,1,0,1
PLOT-00000637,2026-04-22,FAC-TW,LINE-TW-02,PROD-C100,54,53,54,54,53,1,0,1
PLOT-00000638,2026-04-22,FAC-MX,LINE-MX-01,PROD-S100,43,41,43,43,41,2,1,0
PLOT-00000639,2026-04-22,FAC-MX,LINE-MX-02,PROD-X100,43,34,43,43,34,9,7,1
PLOT-00000640,2026-04-22,FAC-MY,LINE-MY-01,PROD-N100,44,43,44,44,43,1,1,0
PLOT-00000641,2026-04-22,FAC-MY,LINE-MY-03,PROD-S100,46,43,46,46,43,3,2,0
PLOT-00000642,2026-04-23,FAC-TW,LINE-TW-01,PROD-X100,39,38,39,39,38,1,0,0
PLOT-00000643,2026-04-23,FAC-TW,LINE-TW-02,PROD-C100,47,43,47,47,43,4,2,2
PLOT-00000644,2026-04-23,FAC-MX,LINE-MX-01,PROD-X100,55,55,55,55,55,0,0,0
PLOT-00000645,2026-04-23,FAC-MX,LINE-MX-02,PROD-S100,37,32,37,37,32,5,3,1
PLOT-00000646,2026-04-23,FAC-MY,LINE-MY-01,PROD-N100,41,37,41,41,37,4,2,0
PLOT-00000647,2026-04-23,FAC-MY,LINE-MY-03,PROD-X200,49,45,49,49,45,4,3,1
PLOT-00000648,2026-04-24,FAC-TW,LINE-TW-01,PROD-X100,46,44,46,46,44,2,1,0
PLOT-00000649,2026-04-24,FAC-TW,LINE-TW-02,PROD-X100,45,43,45,45,43,2,2,0
PLOT-00000650,2026-04-24,FAC-MX,LINE-MX-01,PROD-C100,53,52,53,53,52,1,0,0
PLOT-00000651,2026-04-24,FAC-MX,LINE-MX-02,PROD-X200,36,30,36,36,30,6,5,0
PLOT-00000652,2026-04-24,FAC-MY,LINE-MY-01,PROD-X100,54,52,54,54,52,2,1,0
PLOT-00000653,2026-04-24,FAC-MY,LINE-MY-03,PROD-X100,37,36,37,37,36,1,1,0
PLOT-00000654,2026-04-25,FAC-TW,LINE-TW-01,PROD-X100,48,46,48,48,46,2,0,1
PLOT-00000655,2026-04-25,FAC-TW,LINE-TW-02,PROD-X200,49,49,49,49,49,0,0,0
PLOT-00000656,2026-04-25,FAC-MX,LINE-MX-01,PROD-X100,41,35,41,41,35,6,5,1
PLOT-00000657,2026-04-25,FAC-MX,LINE-MX-02,PROD-C100,38,34,38,38,34,4,2,0
PLOT-00000658,2026-04-25,FAC-MY,LINE-MY-01,PROD-X200,38,38,38,38,38,0,0,0
PLOT-00000659,2026-04-25,FAC-MY,LINE-MY-03,PROD-X200,53,49,53,53,49,4,1,1
PLOT-00000660,2026-04-26,FAC-TW,LINE-TW-01,PROD-X200,44,41,44,44,41,3,2,0
PLOT-00000661,2026-04-26,FAC-TW,LINE-TW-02,PROD-X100,47,47,47,47,47,0,0,0
PLOT-00000662,2026-04-26,FAC-MX,LINE-MX-01,PROD-S100,36,33,36,36,33,3,3,0
PLOT-00000663,2026-04-26,FAC-MX,LINE-MX-02,PROD-X100,44,34,44,44,34,10,6,1
PLOT-00000664,2026-04-26,FAC-MY,LINE-MY-01,PROD-S100,39,39,39,39,39,0,0,0
PLOT-00000665,2026-04-26,FAC-MY,LINE-MY-03,PROD-N100,44,38,44,44,38,6,2,2
PLOT-00000666,2026-04-27,FAC-TW,LINE-TW-01,PROD-X100,35,34,35,35,34,1,0,0
PLOT-00000667,2026-04-27,FAC-TW,LINE-TW-02,PROD-X200,48,47,48,48,47,1,1,0
PLOT-00000668,2026-04-27,FAC-MX,LINE-MX-01,PROD-X100,47,46,47,47,46,1,0,0
PLOT-00000669,2026-04-27,FAC-MX,LINE-MX-02,PROD-X200,42,37,42,42,37,5,1,0
PLOT-00000670,2026-04-27,FAC-MY,LINE-MY-01,PROD-C100,46,45,46,46,45,1,1,0
PLOT-00000671,2026-04-27,FAC-MY,LINE-MY-03,PROD-X100,36,32,36,36,32,4,3,0
PLOT-00000672,2026-04-28,FAC-TW,LINE-TW-01,PROD-X200,49,48,49,49,48,1,0,1
PLOT-00000673,2026-04-28,FAC-TW,LINE-TW-02,PROD-S100,45,43,45,45,43,2,2,0
PLOT-00000674,2026-04-28,FAC-MX,LINE-MX-01,PROD-X200,53,53,53,53,53,0,0,0
PLOT-00000675,2026-04-28,FAC-MX,LINE-MX-02,PROD-X100,55,48,55,55,48,7,4,1
PLOT-00000676,2026-04-28,FAC-MY,LINE-MY-01,PROD-C100,38,36,38,38,36,2,0,0
PLOT-00000677,2026-04-28,FAC-MY,LINE-MY-03,PROD-C100,45,44,45,45,44,1,1,0
PLOT-00000678,2026-04-29,FAC-TW,LINE-TW-01,PROD-X100,54,54,54,54,54,0,0,0
PLOT-00000679,2026-04-29,FAC-TW,LINE-TW-02,PROD-X200,46,46,46,46,46,0,0,0
PLOT-00000680,2026-04-29,FAC-MX,LINE-MX-01,PROD-X100,38,36,38,38,36,2,1,0
PLOT-00000681,2026-04-29,FAC-MX,LINE-MX-02,PROD-X100,53,46,53,53,46,7,2,2
PLOT-00000682,2026-04-29,FAC-MY,LINE-MY-01,PROD-C100,37,36,37,37,36,1,1,0
PLOT-00000683,2026-04-29,FAC-MY,LINE-MY-03,PROD-X200,44,42,44,44,42,2,2,0
PLOT-00000684,2026-04-30,FAC-TW,LINE-TW-01,PROD-C100,42,42,42,42,42,0,0,0
PLOT-00000685,2026-04-30,FAC-TW,LINE-TW-02,PROD-X100,40,39,40,40,39,1,1,0
PLOT-00000686,2026-04-30,FAC-MX,LINE-MX-01,PROD-X100,55,54,55,55,54,1,1,0
PLOT-00000687,2026-04-30,FAC-MX,LINE-MX-02,PROD-X100,51,42,51,51,42,9,5,3
PLOT-00000688,2026-04-30,FAC-MY,LINE-MY-01,PROD-X100,46,44,46,46,44,2,1,0
PLOT-00000689,2026-04-30,FAC-MY,LINE-MY-03,PROD-X200,55,50,55,55,50,5,4,0
PLOT-00000690,2026-05-01,FAC-TW,LINE-TW-01,PROD-N100,42,41,42,42,41,1,0,0
PLOT-00000691,2026-05-01,FAC-TW,LINE-TW-02,PROD-X100,43,43,43,43,43,0,0,0
PLOT-00000692,2026-05-01,FAC-MX,LINE-MX-01,PROD-X100,54,52,54,54,52,2,2,0
PLOT-00000693,2026-05-01,FAC-MX,LINE-MX-02,PROD-X100,55,46,55,55,46,9,4,0
PLOT-00000694,2026-05-01,FAC-MY,LINE-MY-01,PROD-X100,55,54,55,55,54,1,1,0
PLOT-00000695,2026-05-01,FAC-MY,LINE-MY-03,PROD-C100,53,50,53,53,50,3,1,1
PLOT-00000696,2026-05-02,FAC-TW,LINE-TW-01,PROD-N100,49,48,49,49,48,1,0,0
PLOT-00000697,2026-05-02,FAC-TW,LINE-TW-02,PROD-C100,53,52,53,53,52,1,0,0
PLOT-00000698,2026-05-02,FAC-MX,LINE-MX-01,PROD-X200,54,51,54,54,51,3,0,0
PLOT-00000699,2026-05-02,FAC-MX,LINE-MX-02,PROD-X100,55,45,55,55,45,10,4,2
PLOT-00000700,2026-05-02,FAC-MY,LINE-MY-01,PROD-X200,49,48,49,49,48,1,0,1
PLOT-00000701,2026-05-02,FAC-MY,LINE-MY-03,PROD-X100,49,48,49,49,48,1,1,0
PLOT-00000702,2026-05-03,FAC-TW,LINE-TW-01,PROD-C100,43,41,43,43,41,2,2,0
PLOT-00000703,2026-05-03,FAC-TW,LINE-TW-02,PROD-C100,46,46,46,46,46,0,0,0
PLOT-00000704,2026-05-03,FAC-MX,LINE-MX-01,PROD-X200,44,43,44,44,43,1,1,0
PLOT-00000705,2026-05-03,FAC-MX,LINE-MX-02,PROD-X100,36,35,36,36,35,1,1,0
PLOT-00000706,2026-05-03,FAC-MY,LINE-MY-01,PROD-X100,44,43,44,44,43,1,0,1
PLOT-00000707,2026-05-03,FAC-MY,LINE-MY-03,PROD-X100,37,36,37,37,36,1,1,0
PLOT-00000708,2026-05-04,FAC-TW,LINE-TW-01,PROD-C100,51,50,51,51,50,1,0,0
PLOT-00000709,2026-05-04,FAC-TW,LINE-TW-02,PROD-X200,53,49,53,53,49,4,2,0
PLOT-00000710,2026-05-04,FAC-MX,LINE-MX-01,PROD-X200,36,32,36,36,32,4,3,1
PLOT-00000711,2026-05-04,FAC-MX,LINE-MX-02,PROD-X100,53,48,53,53,48,5,2,0
PLOT-00000712,2026-05-04,FAC-MY,LINE-MY-01,PROD-N100,45,41,45,45,41,4,1,0
PLOT-00000713,2026-05-04,FAC-MY,LINE-MY-03,PROD-N100,51,50,51,51,50,1,1,0
PLOT-00000714,2026-05-05,FAC-TW,LINE-TW-01,PROD-X100,36,35,36,36,35,1,1,0
PLOT-00000715,2026-05-05,FAC-TW,LINE-TW-02,PROD-X200,45,45,45,45,45,0,0,0
PLOT-00000716,2026-05-05,FAC-MX,LINE-MX-01,PROD-S100,37,35,37,37,35,2,0,0
PLOT-00000717,2026-05-05,FAC-MX,LINE-MX-02,PROD-X200,40,36,40,40,36,4,3,1
PLOT-00000718,2026-05-05,FAC-MY,LINE-MY-01,PROD-X100,49,48,49,49,48,1,1,0
PLOT-00000719,2026-05-05,FAC-MY,LINE-MY-03,PROD-S100,51,49,51,51,49,2,2,0
PLOT-00000720,2026-05-06,FAC-TW,LINE-TW-01,PROD-X200,40,39,40,40,39,1,0,0
PLOT-00000721,2026-05-06,FAC-TW,LINE-TW-02,PROD-X200,44,40,44,44,40,4,0,2
PLOT-00000722,2026-05-06,FAC-MX,LINE-MX-01,PROD-X100,45,42,45,45,42,3,2,1
PLOT-00000723,2026-05-06,FAC-MX,LINE-MX-02,PROD-X200,36,34,36,36,34,2,2,0
PLOT-00000724,2026-05-06,FAC-MY,LINE-MY-01,PROD-S100,55,55,55,55,55,0,0,0
PLOT-00000725,2026-05-06,FAC-MY,LINE-MY-03,PROD-X200,45,43,45,45,43,2,2,0
PLOT-00000726,2026-05-07,FAC-TW,LINE-TW-01,PROD-X100,47,47,47,47,47,0,0,0
PLOT-00000727,2026-05-07,FAC-TW,LINE-TW-02,PROD-X100,54,53,54,54,53,1,0,0
PLOT-00000728,2026-05-07,FAC-MX,LINE-MX-01,PROD-N100,45,44,45,45,44,1,0,1
PLOT-00000729,2026-05-07,FAC-MX,LINE-MX-02,PROD-X100,39,38,39,39,38,1,0,1
PLOT-00000730,2026-05-07,FAC-MY,LINE-MY-01,PROD-S100,44,41,44,44,41,3,2,0
PLOT-00000731,2026-05-07,FAC-MY,LINE-MY-03,PROD-S100,47,46,47,47,46,1,1,0
PLOT-00000732,2026-05-08,FAC-TW,LINE-TW-01,PROD-X100,37,35,37,37,35,2,1,0
PLOT-00000733,2026-05-08,FAC-TW,LINE-TW-02,PROD-X100,47,46,47,47,46,1,0,0
PLOT-00000734,2026-05-08,FAC-MX,LINE-MX-01,PROD-X200,45,43,45,45,43,2,0,0
PLOT-00000735,2026-05-08,FAC-MX,LINE-MX-02,PROD-N100,51,49,51,51,49,2,1,0
PLOT-00000736,2026-05-08,FAC-MY,LINE-MY-01,PROD-X100,48,47,48,48,47,1,1,0
PLOT-00000737,2026-05-08,FAC-MY,LINE-MY-03,PROD-C100,35,33,35,35,33,2,1,0
PLOT-00000738,2026-05-09,FAC-TW,LINE-TW-01,PROD-X200,40,40,40,40,40,0,0,0
PLOT-00000739,2026-05-09,FAC-TW,LINE-TW-02,PROD-S100,45,43,45,45,43,2,2,0
PLOT-00000740,2026-05-09,FAC-MX,LINE-MX-01,PROD-S100,50,49,50,50,49,1,1,0
PLOT-00000741,2026-05-09,FAC-MX,LINE-MX-02,PROD-X100,39,39,39,39,39,0,0,0
PLOT-00000742,2026-05-09,FAC-MY,LINE-MY-01,PROD-X100,44,43,44,44,43,1,1,0
PLOT-00000743,2026-05-09,FAC-MY,LINE-MY-03,PROD-S100,38,35,38,38,35,3,2,0
PLOT-00000744,2026-05-10,FAC-TW,LINE-TW-01,PROD-X200,52,36,52,52,36,16,4,2
PLOT-00000745,2026-05-10,FAC-TW,LINE-TW-02,PROD-N100,51,51,51,51,51,0,0,0
PLOT-00000746,2026-05-10,FAC-MX,LINE-MX-01,PROD-X100,45,44,45,45,44,1,0,1
PLOT-00000747,2026-05-10,FAC-MX,LINE-MX-02,PROD-N100,54,49,54,54,49,5,2,1
PLOT-00000748,2026-05-10,FAC-MY,LINE-MY-01,PROD-X100,47,46,47,47,46,1,1,0
PLOT-00000749,2026-05-10,FAC-MY,LINE-MY-03,PROD-X100,40,36,40,40,36,4,4,0
PLOT-00000750,2026-05-11,FAC-TW,LINE-TW-01,PROD-N100,54,52,54,54,52,2,0,1
PLOT-00000751,2026-05-11,FAC-TW,LINE-TW-02,PROD-N100,40,39,40,40,39,1,0,0
PLOT-00000752,2026-05-11,FAC-MX,LINE-MX-01,PROD-C100,36,36,36,36,36,0,0,0
PLOT-00000753,2026-05-11,FAC-MX,LINE-MX-02,PROD-X100,42,38,42,42,38,4,2,1
PLOT-00000754,2026-05-11,FAC-MY,LINE-MY-01,PROD-S100,54,52,54,54,52,2,2,0
PLOT-00000755,2026-05-11,FAC-MY,LINE-MY-03,PROD-X200,49,48,49,49,48,1,0,0
PLOT-00000756,2026-05-12,FAC-TW,LINE-TW-01,PROD-X100,42,41,42,42,41,1,0,0
PLOT-00000757,2026-05-12,FAC-TW,LINE-TW-02,PROD-X100,50,50,50,50,50,0,0,0
PLOT-00000758,2026-05-12,FAC-MX,LINE-MX-01,PROD-S100,41,40,41,41,40,1,1,0
PLOT-00000759,2026-05-12,FAC-MX,LINE-MX-02,PROD-X100,53,51,53,53,51,2,1,0
PLOT-00000760,2026-05-12,FAC-MY,LINE-MY-01,PROD-S100,49,45,49,49,45,4,3,1
PLOT-00000761,2026-05-12,FAC-MY,LINE-MY-03,PROD-N100,47,44,47,47,44,3,3,0
PLOT-00000762,2026-05-13,FAC-TW,LINE-TW-01,PROD-X200,48,34,48,48,34,14,10,2
PLOT-00000763,2026-05-13,FAC-TW,LINE-TW-02,PROD-S100,41,40,41,41,40,1,0,0
PLOT-00000764,2026-05-13,FAC-MX,LINE-MX-01,PROD-N100,39,34,39,39,34,5,3,2
PLOT-00000765,2026-05-13,FAC-MX,LINE-MX-02,PROD-N100,36,32,36,36,32,4,3,1
PLOT-00000766,2026-05-13,FAC-MY,LINE-MY-01,PROD-N100,46,43,46,46,43,3,3,0
PLOT-00000767,2026-05-13,FAC-MY,LINE-MY-03,PROD-C100,38,35,38,38,35,3,3,0
PLOT-00000768,2026-05-14,FAC-TW,LINE-TW-01,PROD-C100,51,49,51,51,49,2,1,0
PLOT-00000769,2026-05-14,FAC-TW,LINE-TW-02,PROD-N100,44,44,44,44,44,0,0,0
PLOT-00000770,2026-05-14,FAC-MX,LINE-MX-01,PROD-X100,40,38,40,40,38,2,1,0
PLOT-00000771,2026-05-14,FAC-MX,LINE-MX-02,PROD-X100,51,47,51,51,47,4,0,1
PLOT-00000772,2026-05-14,FAC-MY,LINE-MY-01,PROD-X100,48,45,48,48,45,3,0,3
PLOT-00000773,2026-05-14,FAC-MY,LINE-MY-03,PROD-X100,42,40,42,42,40,2,0,1
PLOT-00000774,2026-05-15,FAC-TW,LINE-TW-01,PROD-N100,46,46,46,46,46,0,0,0
PLOT-00000775,2026-05-15,FAC-TW,LINE-TW-02,PROD-S100,48,48,48,48,48,0,0,0
PLOT-00000776,2026-05-15,FAC-MX,LINE-MX-01,PROD-X100,51,50,51,51,50,1,0,0
PLOT-00000777,2026-05-15,FAC-MX,LINE-MX-02,PROD-X100,47,46,47,47,46,1,0,0
PLOT-00000778,2026-05-15,FAC-MY,LINE-MY-01,PROD-S100,46,44,46,46,44,2,1,0
PLOT-00000779,2026-05-15,FAC-MY,LINE-MY-03,PROD-X100,45,45,45,45,45,0,0,0
PLOT-00000780,2026-05-16,FAC-TW,LINE-TW-01,PROD-S100,55,55,55,55,55,0,0,0
PLOT-00000781,2026-05-16,FAC-TW,LINE-TW-02,PROD-X100,39,39,39,39,39,0,0,0
PLOT-00000782,2026-05-16,FAC-MX,LINE-MX-01,PROD-X100,44,42,44,44,42,2,1,0
PLOT-00000783,2026-05-16,FAC-MX,LINE-MX-02,PROD-S100,50,49,50,50,49,1,0,0
PLOT-00000784,2026-05-16,FAC-MY,LINE-MY-01,PROD-N100,39,38,39,39,38,1,1,0
PLOT-00000785,2026-05-16,FAC-MY,LINE-MY-03,PROD-N100,50,45,50,50,45,5,4,0
PLOT-00000786,2026-05-17,FAC-TW,LINE-TW-01,PROD-X200,35,34,35,35,34,1,0,0
PLOT-00000787,2026-05-17,FAC-TW,LINE-TW-02,PROD-S100,35,35,35,35,35,0,0,0
PLOT-00000788,2026-05-17,FAC-MX,LINE-MX-01,PROD-X100,39,38,39,39,38,1,1,0
PLOT-00000789,2026-05-17,FAC-MX,LINE-MX-02,PROD-X200,54,52,54,54,52,2,0,0
PLOT-00000790,2026-05-17,FAC-MY,LINE-MY-01,PROD-C100,38,37,38,38,37,1,1,0
PLOT-00000791,2026-05-17,FAC-MY,LINE-MY-03,PROD-N100,42,38,42,42,38,4,1,1
PLOT-00000792,2026-05-18,FAC-TW,LINE-TW-01,PROD-X100,36,36,36,36,36,0,0,0
PLOT-00000793,2026-05-18,FAC-TW,LINE-TW-02,PROD-X100,55,54,55,55,54,1,1,0
PLOT-00000794,2026-05-18,FAC-MX,LINE-MX-01,PROD-N100,49,48,49,49,48,1,1,0
PLOT-00000795,2026-05-18,FAC-MX,LINE-MX-02,PROD-X100,50,49,50,50,49,1,0,0
PLOT-00000796,2026-05-18,FAC-MY,LINE-MY-01,PROD-N100,35,34,35,35,34,1,1,0
PLOT-00000797,2026-05-18,FAC-MY,LINE-MY-03,PROD-N100,53,51,53,53,51,2,1,0
PLOT-00000798,2026-05-19,FAC-TW,LINE-TW-01,PROD-X100,39,37,39,39,37,2,2,0
PLOT-00000799,2026-05-19,FAC-TW,LINE-TW-02,PROD-X100,35,35,35,35,35,0,0,0
PLOT-00000800,2026-05-19,FAC-MX,LINE-MX-01,PROD-X200,42,41,42,42,41,1,0,0
PLOT-00000801,2026-05-19,FAC-MX,LINE-MX-02,PROD-X200,40,34,40,40,34,6,4,1
PLOT-00000802,2026-05-19,FAC-MY,LINE-MY-01,PROD-N100,37,35,37,37,35,2,1,0
PLOT-00000803,2026-05-19,FAC-MY,LINE-MY-03,PROD-C100,46,43,46,46,43,3,2,0
PLOT-00000804,2026-05-20,FAC-TW,LINE-TW-01,PROD-X100,51,50,51,51,50,1,1,0
PLOT-00000805,2026-05-20,FAC-TW,LINE-TW-02,PROD-X200,51,51,51,51,51,0,0,0
PLOT-00000806,2026-05-20,FAC-MX,LINE-MX-01,PROD-X200,47,46,47,47,46,1,1,0
PLOT-00000807,2026-05-20,FAC-MX,LINE-MX-02,PROD-N100,36,34,36,36,34,2,1,0
PLOT-00000808,2026-05-20,FAC-MY,LINE-MY-01,PROD-N100,46,45,46,46,45,1,1,0
PLOT-00000809,2026-05-20,FAC-MY,LINE-MY-03,PROD-X200,35,34,35,35,34,1,0,0
PLOT-00000810,2026-05-21,FAC-TW,LINE-TW-01,PROD-X200,37,37,37,37,37,0,0,0
PLOT-00000811,2026-05-21,FAC-TW,LINE-TW-02,PROD-X100,55,53,55,55,53,2,1,0
PLOT-00000812,2026-05-21,FAC-MX,LINE-MX-01,PROD-X100,53,50,53,53,50,3,2,1
PLOT-00000813,2026-05-21,FAC-MX,LINE-MX-02,PROD-C100,45,44,45,45,44,1,1,0
PLOT-00000814,2026-05-21,FAC-MY,LINE-MY-01,PROD-X100,46,45,46,46,45,1,0,1
PLOT-00000815,2026-05-21,FAC-MY,LINE-MY-03,PROD-C100,55,52,55,55,52,3,2,1
PLOT-00000816,2026-05-22,FAC-TW,LINE-TW-01,PROD-X100,49,48,49,49,48,1,0,1
PLOT-00000817,2026-05-22,FAC-TW,LINE-TW-02,PROD-S100,50,50,50,50,50,0,0,0
PLOT-00000818,2026-05-22,FAC-MX,LINE-MX-01,PROD-X200,39,38,39,39,38,1,1,0
PLOT-00000819,2026-05-22,FAC-MX,LINE-MX-02,PROD-X100,49,48,49,49,48,1,1,0
PLOT-00000820,2026-05-22,FAC-MY,LINE-MY-01,PROD-X100,41,39,41,41,39,2,1,0
PLOT-00000821,2026-05-22,FAC-MY,LINE-MY-03,PROD-X100,41,38,41,41,38,3,1,0
PLOT-00000822,2026-05-23,FAC-TW,LINE-TW-01,PROD-N100,45,44,45,45,44,1,1,0
PLOT-00000823,2026-05-23,FAC-TW,LINE-TW-02,PROD-S100,51,51,51,51,51,0,0,0
PLOT-00000824,2026-05-23,FAC-MX,LINE-MX-01,PROD-X100,52,50,52,52,50,2,1,0
PLOT-00000825,2026-05-23,FAC-MX,LINE-MX-02,PROD-X100,36,34,36,36,34,2,2,0
PLOT-00000826,2026-05-23,FAC-MY,LINE-MY-01,PROD-N100,41,41,41,41,41,0,0,0
PLOT-00000827,2026-05-23,FAC-MY,LINE-MY-03,PROD-X200,36,34,36,36,34,2,1,0
PLOT-00000828,2026-05-24,FAC-TW,LINE-TW-01,PROD-N100,45,42,45,45,42,3,0,1
PLOT-00000829,2026-05-24,FAC-TW,LINE-TW-02,PROD-X100,46,46,46,46,46,0,0,0
PLOT-00000830,2026-05-24,FAC-MX,LINE-MX-01,PROD-X100,47,45,47,47,45,2,1,0
PLOT-00000831,2026-05-24,FAC-MX,LINE-MX-02,PROD-C100,47,46,47,47,46,1,1,0
PLOT-00000832,2026-05-24,FAC-MY,LINE-MY-01,PROD-X200,40,37,40,40,37,3,0,0
PLOT-00000833,2026-05-24,FAC-MY,LINE-MY-03,PROD-C100,50,48,50,50,48,2,0,1
PLOT-00000834,2026-05-25,FAC-TW,LINE-TW-01,PROD-X200,51,48,51,51,48,3,1,1
PLOT-00000835,2026-05-25,FAC-TW,LINE-TW-02,PROD-X100,37,36,37,37,36,1,1,0
PLOT-00000836,2026-05-25,FAC-MX,LINE-MX-01,PROD-C100,37,37,37,37,37,0,0,0
PLOT-00000837,2026-05-25,FAC-MX,LINE-MX-02,PROD-X100,40,39,40,40,39,1,0,0
PLOT-00000838,2026-05-25,FAC-MY,LINE-MY-01,PROD-C100,45,44,45,45,44,1,1,0
PLOT-00000839,2026-05-25,FAC-MY,LINE-MY-03,PROD-X100,45,43,45,45,43,2,1,0
PLOT-00000840,2026-05-26,FAC-TW,LINE-TW-01,PROD-C100,44,42,44,44,42,2,2,0
PLOT-00000841,2026-05-26,FAC-TW,LINE-TW-02,PROD-X200,48,46,48,48,46,2,1,0
PLOT-00000842,2026-05-26,FAC-MX,LINE-MX-01,PROD-X100,49,45,49,49,45,4,3,1
PLOT-00000843,2026-05-26,FAC-MX,LINE-MX-02,PROD-X100,36,35,36,36,35,1,1,0
PLOT-00000844,2026-05-26,FAC-MY,LINE-MY-01,PROD-N100,46,44,46,46,44,2,2,0
PLOT-00000845,2026-05-26,FAC-MY,LINE-MY-03,PROD-N100,48,45,48,48,45,3,0,1
PLOT-00000846,2026-05-27,FAC-TW,LINE-TW-01,PROD-X100,36,36,36,36,36,0,0,0
PLOT-00000847,2026-05-27,FAC-TW,LINE-TW-02,PROD-X100,55,55,55,55,55,0,0,0
PLOT-00000848,2026-05-27,FAC-MX,LINE-MX-01,PROD-X100,51,51,51,51,51,0,0,0
PLOT-00000849,2026-05-27,FAC-MX,LINE-MX-02,PROD-N100,40,38,40,40,38,2,1,1
PLOT-00000850,2026-05-27,FAC-MY,LINE-MY-01,PROD-S100,39,39,39,39,39,0,0,0
PLOT-00000851,2026-05-27,FAC-MY,LINE-MY-03,PROD-S100,49,48,49,49,48,1,1,0
PLOT-00000852,2026-05-28,FAC-TW,LINE-TW-01,PROD-X100,37,36,37,37,36,1,1,0
PLOT-00000853,2026-05-28,FAC-TW,LINE-TW-02,PROD-X100,55,51,55,55,51,4,3,0
PLOT-00000854,2026-05-28,FAC-MX,LINE-MX-01,PROD-X100,47,47,47,47,47,0,0,0
PLOT-00000855,2026-05-28,FAC-MX,LINE-MX-02,PROD-S100,36,34,36,36,34,2,1,0
PLOT-00000856,2026-05-28,FAC-MY,LINE-MY-01,PROD-N100,49,47,49,49,47,2,1,0
PLOT-00000857,2026-05-28,FAC-MY,LINE-MY-03,PROD-S100,46,45,46,46,45,1,1,0
PLOT-00000858,2026-05-29,FAC-TW,LINE-TW-01,PROD-X200,37,36,37,37,36,1,1,0
PLOT-00000859,2026-05-29,FAC-TW,LINE-TW-02,PROD-C100,51,49,51,51,49,2,1,0
PLOT-00000860,2026-05-29,FAC-MX,LINE-MX-01,PROD-X100,45,44,45,45,44,1,1,0
PLOT-00000861,2026-05-29,FAC-MX,LINE-MX-02,PROD-X200,42,39,42,42,39,3,2,0
PLOT-00000862,2026-05-29,FAC-MY,LINE-MY-01,PROD-S100,35,35,35,35,35,0,0,0
PLOT-00000863,2026-05-29,FAC-MY,LINE-MY-03,PROD-N100,50,50,50,50,50,0,0,0
PLOT-00000864,2026-05-30,FAC-TW,LINE-TW-01,PROD-X200,52,51,52,52,51,1,0,1
PLOT-00000865,2026-05-30,FAC-TW,LINE-TW-02,PROD-X100,43,39,43,43,39,4,3,1
PLOT-00000866,2026-05-30,FAC-MX,LINE-MX-01,PROD-C100,41,40,41,41,40,1,1,0
PLOT-00000867,2026-05-30,FAC-MX,LINE-MX-02,PROD-S100,44,41,44,44,41,3,2,1
PLOT-00000868,2026-05-30,FAC-MY,LINE-MY-01,PROD-N100,50,50,50,50,50,0,0,0
PLOT-00000869,2026-05-30,FAC-MY,LINE-MY-03,PROD-X100,39,38,39,39,38,1,1,0
PLOT-00000870,2026-05-31,FAC-TW,LINE-TW-01,PROD-N100,49,48,49,49,48,1,1,0
PLOT-00000871,2026-05-31,FAC-TW,LINE-TW-02,PROD-X100,49,48,49,49,48,1,0,0
PLOT-00000872,2026-05-31,FAC-MX,LINE-MX-01,PROD-S100,45,43,45,45,43,2,1,1
PLOT-00000873,2026-05-31,FAC-MX,LINE-MX-02,PROD-X200,37,34,37,37,34,3,1,0
PLOT-00000874,2026-05-31,FAC-MY,LINE-MY-01,PROD-C100,44,43,44,44,43,1,1,0
PLOT-00000875,2026-05-31,FAC-MY,LINE-MY-03,PROD-S100,40,39,40,40,39,1,0,0
PLOT-00000876,2026-06-01,FAC-TW,LINE-TW-01,PROD-C100,55,54,55,55,54,1,1,0
PLOT-00000877,2026-06-01,FAC-TW,LINE-TW-02,PROD-X100,46,45,46,46,45,1,0,0
PLOT-00000878,2026-06-01,FAC-MX,LINE-MX-01,PROD-X200,38,34,38,38,34,4,3,0
PLOT-00000879,2026-06-01,FAC-MX,LINE-MX-02,PROD-S100,39,35,39,39,35,4,1,0
PLOT-00000880,2026-06-01,FAC-MY,LINE-MY-01,PROD-X100,50,50,50,50,50,0,0,0
PLOT-00000881,2026-06-01,FAC-MY,LINE-MY-03,PROD-X100,52,51,52,52,51,1,1,0
PLOT-00000882,2026-06-02,FAC-TW,LINE-TW-01,PROD-C100,49,48,49,49,48,1,0,0
PLOT-00000883,2026-06-02,FAC-TW,LINE-TW-02,PROD-N100,52,49,52,52,49,3,3,0
PLOT-00000884,2026-06-02,FAC-MX,LINE-MX-01,PROD-X200,37,35,37,37,35,2,1,1
PLOT-00000885,2026-06-02,FAC-MX,LINE-MX-02,PROD-X200,47,44,47,47,44,3,2,0
PLOT-00000886,2026-06-02,FAC-MY,LINE-MY-01,PROD-S100,50,48,50,50,48,2,2,0
PLOT-00000887,2026-06-02,FAC-MY,LINE-MY-03,PROD-C100,48,45,48,48,45,3,2,0
PLOT-00000888,2026-06-03,FAC-TW,LINE-TW-01,PROD-N100,37,36,37,37,36,1,0,1
PLOT-00000889,2026-06-03,FAC-TW,LINE-TW-02,PROD-X100,45,45,45,45,45,0,0,0
PLOT-00000890,2026-06-03,FAC-MX,LINE-MX-01,PROD-X200,49,45,49,49,45,4,2,0
PLOT-00000891,2026-06-03,FAC-MX,LINE-MX-02,PROD-X200,51,47,51,51,47,4,1,0
PLOT-00000892,2026-06-03,FAC-MY,LINE-MY-01,PROD-X200,52,50,52,52,50,2,1,0
PLOT-00000893,2026-06-03,FAC-MY,LINE-MY-03,PROD-N100,40,37,40,40,37,3,1,0
PLOT-00000894,2026-06-04,FAC-TW,LINE-TW-01,PROD-N100,39,37,39,39,37,2,0,1
PLOT-00000895,2026-06-04,FAC-TW,LINE-TW-02,PROD-X200,36,34,36,36,34,2,2,0
PLOT-00000896,2026-06-04,FAC-MX,LINE-MX-01,PROD-X200,51,49,51,51,49,2,2,0
PLOT-00000897,2026-06-04,FAC-MX,LINE-MX-02,PROD-X200,40,38,40,40,38,2,1,1
PLOT-00000898,2026-06-04,FAC-MY,LINE-MY-01,PROD-X100,42,41,42,42,41,1,1,0
PLOT-00000899,2026-06-04,FAC-MY,LINE-MY-03,PROD-X200,51,47,51,51,47,4,1,0
PLOT-00000900,2026-06-05,FAC-TW,LINE-TW-01,PROD-N100,37,36,37,37,36,1,1,0
PLOT-00000901,2026-06-05,FAC-TW,LINE-TW-02,PROD-X100,55,54,55,55,54,1,1,0
PLOT-00000902,2026-06-05,FAC-MX,LINE-MX-01,PROD-S100,43,40,43,43,40,3,2,0
PLOT-00000903,2026-06-05,FAC-MX,LINE-MX-02,PROD-X200,44,39,44,44,39,5,4,0
PLOT-00000904,2026-06-05,FAC-MY,LINE-MY-01,PROD-N100,37,37,37,37,37,0,0,0
PLOT-00000905,2026-06-05,FAC-MY,LINE-MY-03,PROD-C100,40,39,40,40,39,1,0,0
PLOT-00000906,2026-06-06,FAC-TW,LINE-TW-01,PROD-C100,53,53,53,53,53,0,0,0
PLOT-00000907,2026-06-06,FAC-TW,LINE-TW-02,PROD-X100,54,52,54,54,52,2,2,0
PLOT-00000908,2026-06-06,FAC-MX,LINE-MX-01,PROD-X200,54,53,54,54,53,1,1,0
PLOT-00000909,2026-06-06,FAC-MX,LINE-MX-02,PROD-X200,53,53,53,53,53,0,0,0
PLOT-00000910,2026-06-06,FAC-MY,LINE-MY-01,PROD-X100,35,33,35,35,33,2,0,0
PLOT-00000911,2026-06-06,FAC-MY,LINE-MY-03,PROD-X100,55,54,55,55,54,1,1,0
PLOT-00000912,2026-06-07,FAC-TW,LINE-TW-01,PROD-N100,43,43,43,43,43,0,0,0
PLOT-00000913,2026-06-07,FAC-TW,LINE-TW-02,PROD-C100,53,51,53,53,51,2,1,0
PLOT-00000914,2026-06-07,FAC-MX,LINE-MX-01,PROD-X200,55,53,55,55,53,2,0,0
PLOT-00000915,2026-06-07,FAC-MX,LINE-MX-02,PROD-X100,55,53,55,55,53,2,2,0
PLOT-00000916,2026-06-07,FAC-MY,LINE-MY-01,PROD-C100,55,47,55,55,47,8,5,1
PLOT-00000917,2026-06-07,FAC-MY,LINE-MY-03,PROD-S100,50,44,50,50,44,6,4,1
PLOT-00000918,2026-06-08,FAC-TW,LINE-TW-01,PROD-X100,47,46,47,47,46,1,0,0
PLOT-00000919,2026-06-08,FAC-TW,LINE-TW-02,PROD-X100,37,37,37,37,37,0,0,0
PLOT-00000920,2026-06-08,FAC-MX,LINE-MX-01,PROD-X200,40,39,40,40,39,1,0,0
PLOT-00000921,2026-06-08,FAC-MX,LINE-MX-02,PROD-X200,50,48,50,50,48,2,2,0
PLOT-00000922,2026-06-08,FAC-MY,LINE-MY-01,PROD-C100,45,43,45,45,43,2,1,0
PLOT-00000923,2026-06-08,FAC-MY,LINE-MY-03,PROD-N100,45,44,45,45,44,1,0,0
PLOT-00000924,2026-06-09,FAC-TW,LINE-TW-01,PROD-N100,45,44,45,45,44,1,0,0
PLOT-00000925,2026-06-09,FAC-TW,LINE-TW-02,PROD-C100,46,46,46,46,46,0,0,0
PLOT-00000926,2026-06-09,FAC-MX,LINE-MX-01,PROD-S100,39,37,39,39,37,2,1,0
PLOT-00000927,2026-06-09,FAC-MX,LINE-MX-02,PROD-X200,51,49,51,51,49,2,1,0
PLOT-00000928,2026-06-09,FAC-MY,LINE-MY-01,PROD-C100,45,41,45,45,41,4,3,1
PLOT-00000929,2026-06-09,FAC-MY,LINE-MY-03,PROD-X100,38,38,38,38,38,0,0,0
PLOT-00000930,2026-06-10,FAC-TW,LINE-TW-01,PROD-X100,42,40,42,42,40,2,2,0
PLOT-00000931,2026-06-10,FAC-TW,LINE-TW-02,PROD-X100,36,35,36,36,35,1,0,0
PLOT-00000932,2026-06-10,FAC-MX,LINE-MX-01,PROD-X200,47,43,47,47,43,4,2,1
PLOT-00000933,2026-06-10,FAC-MX,LINE-MX-02,PROD-C100,48,47,48,48,47,1,1,0
PLOT-00000934,2026-06-10,FAC-MY,LINE-MY-01,PROD-X100,40,40,40,40,40,0,0,0
PLOT-00000935,2026-06-10,FAC-MY,LINE-MY-03,PROD-S100,53,51,53,53,51,2,1,0
PLOT-00000936,2026-06-11,FAC-TW,LINE-TW-01,PROD-C100,41,39,41,41,39,2,2,0
PLOT-00000937,2026-06-11,FAC-TW,LINE-TW-02,PROD-N100,50,49,50,50,49,1,0,0
PLOT-00000938,2026-06-11,FAC-MX,LINE-MX-01,PROD-S100,49,46,49,49,46,3,3,0
PLOT-00000939,2026-06-11,FAC-MX,LINE-MX-02,PROD-X200,44,43,44,44,43,1,0,1
PLOT-00000940,2026-06-11,FAC-MY,LINE-MY-01,PROD-C100,37,35,37,37,35,2,1,0
PLOT-00000941,2026-06-11,FAC-MY,LINE-MY-03,PROD-S100,51,48,51,51,48,3,1,1
PLOT-00000942,2026-06-12,FAC-TW,LINE-TW-01,PROD-X200,42,41,42,42,41,1,1,0
PLOT-00000943,2026-06-12,FAC-TW,LINE-TW-02,PROD-X100,46,44,46,46,44,2,0,0
PLOT-00000944,2026-06-12,FAC-MX,LINE-MX-01,PROD-X100,44,41,44,44,41,3,3,0
PLOT-00000945,2026-06-12,FAC-MX,LINE-MX-02,PROD-X200,55,53,55,55,53,2,1,0
PLOT-00000946,2026-06-12,FAC-MY,LINE-MY-01,PROD-N100,44,41,44,44,41,3,1,1
PLOT-00000947,2026-06-12,FAC-MY,LINE-MY-03,PROD-C100,38,37,38,38,37,1,1,0
PLOT-00000948,2026-06-13,FAC-TW,LINE-TW-01,PROD-X200,43,42,43,43,42,1,1,0
PLOT-00000949,2026-06-13,FAC-TW,LINE-TW-02,PROD-C100,47,46,47,47,46,1,1,0
PLOT-00000950,2026-06-13,FAC-MX,LINE-MX-01,PROD-X200,47,45,47,47,45,2,1,0
PLOT-00000951,2026-06-13,FAC-MX,LINE-MX-02,PROD-X200,52,49,52,52,49,3,1,1
PLOT-00000952,2026-06-13,FAC-MY,LINE-MY-01,PROD-X100,52,50,52,52,50,2,2,0
PLOT-00000953,2026-06-13,FAC-MY,LINE-MY-03,PROD-X200,47,47,47,47,47,0,0,0
PLOT-00000954,2026-06-14,FAC-TW,LINE-TW-01,PROD-X200,52,47,52,52,47,5,2,0
PLOT-00000955,2026-06-14,FAC-TW,LINE-TW-02,PROD-X100,54,54,54,54,54,0,0,0
PLOT-00000956,2026-06-14,FAC-MX,LINE-MX-01,PROD-X200,38,38,38,38,38,0,0,0
PLOT-00000957,2026-06-14,FAC-MX,LINE-MX-02,PROD-X200,38,38,38,38,38,0,0,0
PLOT-00000958,2026-06-14,FAC-MY,LINE-MY-01,PROD-X200,45,43,45,45,43,2,1,1
PLOT-00000959,2026-06-14,FAC-MY,LINE-MY-03,PROD-C100,46,44,46,46,44,2,0,0
PLOT-00000960,2026-06-15,FAC-TW,LINE-TW-01,PROD-N100,41,41,41,41,41,0,0,0
PLOT-00000961,2026-06-15,FAC-TW,LINE-TW-02,PROD-C100,47,45,47,47,45,2,1,0
PLOT-00000962,2026-06-15,FAC-MX,LINE-MX-01,PROD-X200,36,31,36,36,31,5,2,0
PLOT-00000963,2026-06-15,FAC-MX,LINE-MX-02,PROD-X100,45,44,45,45,44,1,1,0
PLOT-00000964,2026-06-15,FAC-MY,LINE-MY-01,PROD-S100,51,50,51,51,50,1,1,0
PLOT-00000965,2026-06-15,FAC-MY,LINE-MY-03,PROD-C100,54,52,54,54,52,2,0,0
PLOT-00000966,2026-06-16,FAC-TW,LINE-TW-01,PROD-N100,39,39,39,39,39,0,0,0
PLOT-00000967,2026-06-16,FAC-TW,LINE-TW-02,PROD-X100,54,52,54,54,52,2,1,1
PLOT-00000968,2026-06-16,FAC-MX,LINE-MX-01,PROD-X200,47,42,47,47,42,5,2,0
PLOT-00000969,2026-06-16,FAC-MX,LINE-MX-02,PROD-S100,44,43,44,44,43,1,1,0
PLOT-00000970,2026-06-16,FAC-MY,LINE-MY-01,PROD-N100,51,49,51,51,49,2,2,0
PLOT-00000971,2026-06-16,FAC-MY,LINE-MY-03,PROD-S100,52,51,52,52,51,1,0,1
PLOT-00000972,2026-06-17,FAC-TW,LINE-TW-01,PROD-X200,53,51,53,53,51,2,1,1
PLOT-00000973,2026-06-17,FAC-TW,LINE-TW-02,PROD-X100,35,35,35,35,35,0,0,0
PLOT-00000974,2026-06-17,FAC-MX,LINE-MX-01,PROD-X200,38,35,38,38,35,3,2,0
PLOT-00000975,2026-06-17,FAC-MX,LINE-MX-02,PROD-S100,53,51,53,53,51,2,2,0
PLOT-00000976,2026-06-17,FAC-MY,LINE-MY-01,PROD-X200,55,49,55,55,49,6,3,2
PLOT-00000977,2026-06-17,FAC-MY,LINE-MY-03,PROD-X100,50,50,50,50,50,0,0,0
PLOT-00000978,2026-06-18,FAC-TW,LINE-TW-01,PROD-X100,55,54,55,55,54,1,0,0
PLOT-00000979,2026-06-18,FAC-TW,LINE-TW-02,PROD-N100,53,51,53,53,51,2,2,0
PLOT-00000980,2026-06-18,FAC-MX,LINE-MX-01,PROD-X200,36,32,36,36,32,4,1,0
PLOT-00000981,2026-06-18,FAC-MX,LINE-MX-02,PROD-X200,40,39,40,40,39,1,1,0
PLOT-00000982,2026-06-18,FAC-MY,LINE-MY-01,PROD-C100,54,53,54,54,53,1,0,0
PLOT-00000983,2026-06-18,FAC-MY,LINE-MY-03,PROD-N100,47,46,47,47,46,1,1,0
PLOT-00000984,2026-06-19,FAC-TW,LINE-TW-01,PROD-X100,42,40,42,42,40,2,1,0
PLOT-00000985,2026-06-19,FAC-TW,LINE-TW-02,PROD-X100,38,38,38,38,38,0,0,0
PLOT-00000986,2026-06-19,FAC-MX,LINE-MX-01,PROD-X200,49,47,49,49,47,2,1,1
PLOT-00000987,2026-06-19,FAC-MX,LINE-MX-02,PROD-X200,39,37,39,39,37,2,1,0
PLOT-00000988,2026-06-19,FAC-MY,LINE-MY-01,PROD-C100,41,40,41,41,40,1,1,0
PLOT-00000989,2026-06-19,FAC-MY,LINE-MY-03,PROD-C100,54,53,54,54,53,1,0,0
PLOT-00000990,2026-06-20,FAC-TW,LINE-TW-01,PROD-S100,36,35,36,36,35,1,0,0
PLOT-00000991,2026-06-20,FAC-TW,LINE-TW-02,PROD-C100,51,51,51,51,51,0,0,0
PLOT-00000992,2026-06-20,FAC-MX,LINE-MX-01,PROD-X200,45,43,45,45,43,2,1,0
PLOT-00000993,2026-06-20,FAC-MX,LINE-MX-02,PROD-S100,50,46,50,50,46,4,3,1
PLOT-00000994,2026-06-20,FAC-MY,LINE-MY-01,PROD-C100,45,44,45,45,44,1,1,0
PLOT-00000995,2026-06-20,FAC-MY,LINE-MY-03,PROD-S100,49,48,49,49,48,1,1,0
PLOT-00000996,2026-06-21,FAC-TW,LINE-TW-01,PROD-S100,45,45,45,45,45,0,0,0
PLOT-00000997,2026-06-21,FAC-TW,LINE-TW-02,PROD-X200,55,54,55,55,54,1,1,0
PLOT-00000998,2026-06-21,FAC-MX,LINE-MX-01,PROD-X200,43,42,43,43,42,1,0,0
PLOT-00000999,2026-06-21,FAC-MX,LINE-MX-02,PROD-X200,41,40,41,41,40,1,1,0
PLOT-00001000,2026-06-21,FAC-MY,LINE-MY-01,PROD-S100,43,42,43,43,42,1,1,0
PLOT-00001001,2026-06-21,FAC-MY,LINE-MY-03,PROD-C100,42,41,42,42,41,1,0,1
PLOT-00001002,2026-06-22,FAC-TW,LINE-TW-01,PROD-S100,44,43,44,44,43,1,1,0
PLOT-00001003,2026-06-22,FAC-TW,LINE-TW-02,PROD-N100,41,39,41,41,39,2,0,0
PLOT-00001004,2026-06-22,FAC-MX,LINE-MX-01,PROD-X200,50,47,50,50,47,3,0,1
PLOT-00001005,2026-06-22,FAC-MX,LINE-MX-02,PROD-X200,46,41,46,46,41,5,3,0
PLOT-00001006,2026-06-22,FAC-MY,LINE-MY-01,PROD-C100,43,42,43,43,42,1,0,0
PLOT-00001007,2026-06-22,FAC-MY,LINE-MY-03,PROD-X200,53,49,53,53,49,4,4,0
PLOT-00001008,2026-06-23,FAC-TW,LINE-TW-01,PROD-C100,47,47,47,47,47,0,0,0
PLOT-00001009,2026-06-23,FAC-TW,LINE-TW-02,PROD-N100,47,46,47,47,46,1,0,0
PLOT-00001010,2026-06-23,FAC-MX,LINE-MX-01,PROD-X200,39,37,39,39,37,2,0,1
PLOT-00001011,2026-06-23,FAC-MX,LINE-MX-02,PROD-X200,44,42,44,44,42,2,1,0
PLOT-00001012,2026-06-23,FAC-MY,LINE-MY-01,PROD-S100,37,37,37,37,37,0,0,0
PLOT-00001013,2026-06-23,FAC-MY,LINE-MY-03,PROD-X200,49,48,49,49,48,1,0,0
PLOT-00001014,2026-06-24,FAC-TW,LINE-TW-01,PROD-C100,50,50,50,50,50,0,0,0
PLOT-00001015,2026-06-24,FAC-TW,LINE-TW-02,PROD-X100,52,51,52,52,51,1,1,0
PLOT-00001016,2026-06-24,FAC-MX,LINE-MX-01,PROD-X200,52,49,52,52,49,3,1,1
PLOT-00001017,2026-06-24,FAC-MX,LINE-MX-02,PROD-X200,39,38,39,39,38,1,0,1
PLOT-00001018,2026-06-24,FAC-MY,LINE-MY-01,PROD-X100,53,50,53,53,50,3,1,0
PLOT-00001019,2026-06-24,FAC-MY,LINE-MY-03,PROD-X100,36,33,36,36,33,3,3,0
PLOT-00001020,2026-06-25,FAC-TW,LINE-TW-01,PROD-C100,51,50,51,51,50,1,0,0
PLOT-00001021,2026-06-25,FAC-TW,LINE-TW-02,PROD-X100,42,40,42,42,40,2,1,1
PLOT-00001022,2026-06-25,FAC-MX,LINE-MX-01,PROD-X200,48,47,48,48,47,1,1,0
PLOT-00001023,2026-06-25,FAC-MX,LINE-MX-02,PROD-X200,50,47,50,50,47,3,2,1
PLOT-00001024,2026-06-25,FAC-MY,LINE-MY-01,PROD-X100,39,38,39,39,38,1,1,0
PLOT-00001025,2026-06-25,FAC-MY,LINE-MY-03,PROD-X100,52,52,52,52,52,0,0,0
PLOT-00001026,2026-06-26,FAC-TW,LINE-TW-01,PROD-S100,40,39,40,40,39,1,1,0
PLOT-00001027,2026-06-26,FAC-TW,LINE-TW-02,PROD-X200,50,47,50,50,47,3,1,1
PLOT-00001028,2026-06-26,FAC-MX,LINE-MX-01,PROD-X200,41,39,41,41,39,2,1,0
PLOT-00001029,2026-06-26,FAC-MX,LINE-MX-02,PROD-X200,44,41,44,44,41,3,1,1
PLOT-00001030,2026-06-26,FAC-MY,LINE-MY-01,PROD-X200,55,52,55,55,52,3,1,0
PLOT-00001031,2026-06-26,FAC-MY,LINE-MY-03,PROD-X100,37,33,37,37,33,4,3,1
PLOT-00001032,2026-06-27,FAC-TW,LINE-TW-01,PROD-C100,42,41,42,42,41,1,0,1
PLOT-00001033,2026-06-27,FAC-TW,LINE-TW-02,PROD-X200,36,35,36,36,35,1,0,1
PLOT-00001034,2026-06-27,FAC-MX,LINE-MX-01,PROD-N100,40,38,40,40,38,2,2,0
PLOT-00001035,2026-06-27,FAC-MX,LINE-MX-02,PROD-X200,40,37,40,40,37,3,1,0
PLOT-00001036,2026-06-27,FAC-MY,LINE-MY-01,PROD-S100,36,35,36,36,35,1,0,0
PLOT-00001037,2026-06-27,FAC-MY,LINE-MY-03,PROD-S100,47,45,47,47,45,2,2,0
PLOT-00001038,2026-06-28,FAC-TW,LINE-TW-01,PROD-N100,40,40,40,40,40,0,0,0
PLOT-00001039,2026-06-28,FAC-TW,LINE-TW-02,PROD-S100,44,42,44,44,42,2,0,0
PLOT-00001040,2026-06-28,FAC-MX,LINE-MX-01,PROD-C100,35,33,35,35,33,2,0,2
PLOT-00001041,2026-06-28,FAC-MX,LINE-MX-02,PROD-X200,54,49,54,54,49,5,3,1
PLOT-00001042,2026-06-28,FAC-MY,LINE-MY-01,PROD-X100,45,43,45,45,43,2,2,0
PLOT-00001043,2026-06-28,FAC-MY,LINE-MY-03,PROD-X200,55,54,55,55,54,1,0,0
PLOT-00001044,2026-06-29,FAC-TW,LINE-TW-01,PROD-X200,50,49,50,50,49,1,0,1
PLOT-00001045,2026-06-29,FAC-TW,LINE-TW-02,PROD-N100,39,39,39,39,39,0,0,0
PLOT-00001046,2026-06-29,FAC-MX,LINE-MX-01,PROD-C100,49,46,49,49,46,3,2,0
PLOT-00001047,2026-06-29,FAC-MX,LINE-MX-02,PROD-X200,38,37,38,38,37,1,0,0
PLOT-00001048,2026-06-29,FAC-MY,LINE-MY-01,PROD-X200,49,46,49,49,46,3,2,0
PLOT-00001049,2026-06-29,FAC-MY,LINE-MY-03,PROD-N100,40,38,40,40,38,2,1,1
PLOT-00001050,2026-06-30,FAC-TW,LINE-TW-01,PROD-X100,45,43,45,45,43,2,1,0
PLOT-00001051,2026-06-30,FAC-TW,LINE-TW-02,PROD-N100,53,51,53,53,51,2,1,0
PLOT-00001052,2026-06-30,FAC-MX,LINE-MX-01,PROD-X200,41,39,41,41,39,2,0,0
PLOT-00001053,2026-06-30,FAC-MX,LINE-MX-02,PROD-X200,55,53,55,55,53,2,0,0
PLOT-00001054,2026-06-30,FAC-MY,LINE-MY-01,PROD-S100,48,45,48,48,45,3,3,0
PLOT-00001055,2026-06-30,FAC-MY,LINE-MY-03,PROD-C100,37,35,37,37,35,2,1,0
